"","ID","continent","city","longitude","latitude","cityPred","longPred","latPred"
"1","BC-0302389496","Europe","Krakow",19.9446875,50.0644778,"Krakow",16.8484363555908,50.3786773681641
"2","BC-0302409422","Europe","Berlin",13.412374,52.522583,"Berlin",11.0883655548096,52.2401847839355
"3","BC-0302410755","Europe","Krakow",19.9468671,50.0688263,"Krakow",20.9649543762207,50.3614883422852
"4","BC-0302410809","Europe","Krakow",19.9456048,50.0646793,"Krakow",33.8064308166504,46.3184814453125
"5","BC-0302411025","Europe","Krakow",19.9468671,50.0688263,"Krakow",38.111255645752,50.2297554016113
"6","BC-0302411048","Europe","Berlin",13.411878,52.522847,"Berlin",13.091025352478,50.6584625244141
"7","BC-0302411054","Europe","Krakow",19.947877,50.0685848,"Krakow",25.4541549682617,48.1373825073242
"8","BC-0302411080","Europe","Krakow",19.9496428,50.0681821,"Krakow",23.4500331878662,49.9210891723633
"9","BC-0302411084","Europe","Krakow",19.9468671,50.0688263,"Krakow",21.3862457275391,49.5453109741211
"10","BC-0302411310","Europe","Krakow",19.9456048,50.0646793,"Krakow",33.32642093276,44.5648770208449
"11","BC-0302412756","Europe","Krakow",19.9492923,50.0679798,"Krakow",20.4305744171143,49.5304298400879
"12","BC-0302412852","Europe","Krakow",19.9492923,50.0679798,"Krakow",21.0027523040771,49.7252769470215
"13","BC-0302412855","Europe","Krakow",19.9492923,50.0679798,"Krakow",7.15715456008911,49.868049621582
"14","BC-0302412858","Europe","Krakow",19.9468671,50.0688263,"Krakow",27.3394775390625,47.7582359313965
"15","BC-0302412931","Europe","Krakow",19.9492923,50.0679798,"Krakow",19.7651538848877,49.3601417541504
"16","BC-0302413525","North.America","Vancovuer",-123.252379,49.266911,"Vancovuer",-92.9501495361328,51.3734436035156
"17","BC-0302413956","Europe","Krakow",19.9492923,50.0679798,"Krakow",4.98039388656616,50.3802795410156
"18","BC-0302413986","Europe","Krakow",19.9468671,50.0688263,"Krakow",18.9572315216064,52.5926284790039
"19","BC-0302416249","North.America","Vancovuer",-123.251949,49.267134,"Vancovuer",-124.079635,46.86475
"20","BC-0302417612","North.America","Vancovuer",-123.252121,49.267078,"Vancovuer",-122.941383361816,49.9029769897461
"21","BC-0302417640","North.America","Vancovuer",-123.252445,49.266791,"Vancovuer",-94.3531341552734,43.239673614502
"22","BC-0306557738","Europe","Berlin",13.411679,52.522955,"Berlin",10.7011528015137,52.0769081115723
"23","BC-0306557753","Europe","Berlin",13.410637,52.523448,"Berlin",9.56001631026913,42.1525178085957
"24","BC-0306557831","Europe","Berlin",13.412886,52.522351,"Berlin",12.5027885437012,52.5752258300781
"25","BC-0306558049","Europe","Berlin",13.411679,52.522955,"Berlin",11.5024290084839,51.3450965881348
"26","BC-0306558332","Europe","Berlin",13.410637,52.523448,"Berlin",12.889702796936,52.0158081054688
"27","BC-0306558337","Europe","Berlin",13.410509,52.523761,"Berlin",23.0258827209473,50.833927154541
"28","BC-0306558357","Europe","Berlin",13.412886,52.522351,"Berlin",15.0227203369141,52.5543327331543
"29","BC-0306558397","Europe","Berlin",13.410637,52.523448,"Berlin",13.9369401931763,52.0488586425781
"30","BC-0306558535","Europe","Berlin",13.411878,52.522847,"Berlin",13.5920171737671,52.5254859924316
"31","BC-0306559428","Europe","Berlin",13.410637,52.523448,"Berlin",11.7297105789185,52.5940475463867
"32","BC-0332568303","North.America","Frederick..MD",-77.412004,36.414969,"London",8.04365348815918,46.943603515625
"33","BC-0332568330","North.America","Frederick..MD",-77.410748,39.41424,"Frederick..MD",-75.3774607001618,38.0155093450374
"34","BC-0332569991","North.America","Baltimore..MD",-76.624188,39.286184,"Baltimore..MD",-75.3554229736328,38.7895050048828
"35","BC-0332569995","North.America","Baltimore..MD",-76.624188,39.286184,"Baltimore..MD",-69.9650262112079,41.637174587565
"36","BC-0332570158","South.America","Sao.Paulo",-46.636231,-23.565243,"Sao.Paulo",-47.6504554748535,-23.9400310516357
"37","BC-0332570393","North.America","Frederick..MD",-77.412004,36.414969,"Frederick..MD",-76.7269744873047,37.1570472717285
"38","BC-0332570398","North.America","Frederick..MD",-77.412004,36.414969,"Frederick..MD",-76.819450378418,37.9773139953613
"39","BC-0332570440","North.America","Frederick..MD",-77.410748,39.41424,"Frederick..MD",-77.59765625,38.527099609375
"40","BC-0332571038","South.America","Sao.Paulo",-46.637337,-23.564985,"Sao.Paulo",-49.3283309936523,-22.4543857574463
"41","BC-0332571710","South.America","Sao.Paulo",-46.637738,-23.564566,"Sao.Paulo",-65.3225708007812,1.77820134162903
"42","BC-0332572207","South.America","Sao.Paulo",-46.636231,-23.565243,"Sao.Paulo",-48.4387741088867,-23.6591396331787
"43","BC-0332572535","North.America","Seattle",-122.3428287,47.6095492,"Seattle",-123.69002532959,48.0200462341309
"44","BC-0332572541","South.America","Sao.Paulo",-46.637738,-23.564566,"Sao.Paulo",-45.9374732971191,-23.5826263427734
"45","BC-0332573415","North.America","Seattle",-122.3428287,47.6095492,"Seattle",-123.100471496582,48.5074195861816
"46","BC-0332573613","South.America","Sao.Paulo",-46.636231,-23.565243,"Sao.Paulo",-40.9447562322506,-21.9373169898378
"47","BC-0332573619","South.America","Sao.Paulo",-46.636231,-23.565243,"Sao.Paulo",-35.2353889633476,-5.46493743248025
"48","BC-0332573832","North.America","Seattle",-122.3428287,47.6095492,"Seattle",-124.090476989746,48.1466407775879
"49","BC-0332573839","North.America","Seattle",-122.3435522,47.60974,"Seattle",-123.988334655762,47.5469207763672
"50","BC-0332573844","North.America","Baltimore..MD",-76.624188,39.286184,"Baltimore..MD",-78.05496,33.92547
"51","BC-0332573845","North.America","Baltimore..MD",-76.624188,39.286184,"Baltimore..MD",-75.3774607001618,38.0155093450374
"52","BC-0332574692","South.America","Sao.Paulo",-46.637337,-23.564985,"Sao.Paulo",-41.9882842677366,-22.9700704891909
"53","BC-0332574750","North.America","Seattle",-122.3363763,47.6104755,"Frederick..MD",-101.191749572754,45.4337577819824
"54","BC-0332574763","North.America","Seattle",-122.3435522,47.60974,"Seattle",-124.39567,47.72017
"55","BC-0332574768","North.America","Seattle",-122.3435522,47.60974,"Seattle",-123.510000780107,48.5100108913034
"56","BC-0332574771","North.America","Seattle",-122.340075,47.6090383,"Seattle",-124.687210083008,48.1844329833984
"57","BC-0332613853","North.America","Frederick..MD",-77.410748,39.41424,"Frederick..MD",-75.9402428860364,37.2169017603988
"58","BC-0332614796","North.America","Frederick..MD",-77.412004,36.414969,"Frederick..MD",-85.5905532836914,36.8904266357422
"59","BC-0332614805","North.America","Frederick..MD",-77.410748,39.41424,"Frederick..MD",-76.2229919433594,38.5746688842773
"60","BC-0332756636","East.Asia","Daegu",128.593356,35.865352,"Daegu",130.202419875205,31.4182376164954
"61","BC-0332767076","East.Asia","Daegu",128.593463,35.865526,"Daegu",126.559231398628,35.6845405136479
"62","BC-0332767877","East.Asia","Daegu",128.593356,35.865352,"Daegu",131.590133666992,33.5137062072754
"63","BC-0332773235","East.Asia","Daegu",128.593463,35.865491,"Daegu",128.719116210938,35.5281524658203
"64","BC-0332773393","East.Asia","Daegu",128.593463,35.865491,"Daegu",128.624664306641,35.5847625732422
"65","BC-0332773401","East.Asia","Daegu",128.593463,35.865526,"Daegu",132.617672967662,35.4333930527094
"66","BC-0332773417","East.Asia","Daegu",128.593463,35.865491,"Daegu",128.571563720703,36.0363082885742
"67","BC-0332773522","East.Asia","Daegu",128.593463,35.865491,"Daegu",128.300430297852,35.1824913024902
"68","BC-0332773669","East.Asia","Daegu",128.593461,35.865491,"Daegu",128.620758056641,36.0812950134277
"69","BC-0338278316","East.Asia","Hong.Kong",114.17085,22.313979,"Hong.Kong",112.76392364502,24.050048828125
"70","BC-0338278342","East.Asia","Hong.Kong",114.170054,22.319587,"Hong.Kong",111.843592157032,21.5504936792815
"71","BC-0338302386","East.Asia","Hong.Kong",114.17085,22.313979,"Hong.Kong",110.339187860151,18.6783950871476
"72","BC-0338302411","East.Asia","Hong.Kong",114.170102,22.319155,"Hong.Kong",111.843592157032,21.5504936792815
"73","BC-0338302437","East.Asia","Hong.Kong",114.170054,22.319587,"Hong.Kong",114.763827345846,22.6680740422417
"74","BC-0338302451","East.Asia","Hong.Kong",114.170662,22.315356,"Hong.Kong",95.7194442749023,18.0251140594482
"75","BC-0338302572","East.Asia","Hong.Kong",114.171995,22.336101,"Daegu",40.3751602172852,26.7096710205078
"76","BC-0338302582","East.Asia","Hong.Kong",114.170571,22.316071,"Hong.Kong",115.106719970703,23.5797214508057
"77","BC-0338302583","East.Asia","Hong.Kong",114.170631,22.315962,"Hong.Kong",107.079643249512,23.6411952972412
"78","BC-0338313770","Europe","London",-0.131224,51.426396,"London",0.550333693045587,50.7657388372759
"79","BC-0338313772","Europe","London",-0.131261,51.426159,"London",0.559796333312988,48.8207206726074
"80","BC-0338314358","South.America","Buenos.Aires",-58.380841,-34.603567,"Buenos.Aires",-50.6968741522115,-30.984465020473
"81","BC-0338315762","South.America","Buenos.Aires",-58.38241,-34.602555,"Buenos.Aires",-51.5762261623062,-31.7776982561532
"82","BC-0338319031","Europe","London",-0.130556,51.425291,"London",-0.75615918636322,51.1726760864258
"83","BC-0338339381","South.America","Buenos.Aires",-58.382452,-34.603868,"Buenos.Aires",-50.6968741522115,-30.984465020473
"84","BC-0345235128","East.Asia","Daegu",128.593463,35.865526,"Daegu",128.538635253906,35.8677291870117
"85","BC-0345235174","East.Asia","Daegu",128.593463,35.865491,"Daegu",128.556137084961,35.8373222351074
"86","BC-0345250127","East.Asia","Daegu",128.593506,35.865491,"Daegu",128.996856689453,35.7973518371582
"87","BC-0345272061","East.Asia","Nonoichi",136.598384,36.541176,"Nonoichi",130.686317987186,31.0295791692282
"88","BC-0345272079","East.Asia","Nonoichi",136.597768,36.541082,"Nonoichi",138.127075195312,36.9138946533203
"89","BC-0345272379","East.Asia","Daegu",128.59342,35.865526,"Daegu",129.468304478066,35.632140611304
"90","BC-0345278481","East.Asia","Nonoichi",136.596693,36.542431,"Nonoichi",136.723830601142,37.3049842392403
"91","BC-0345296670","East.Asia","Nonoichi",136.598468,36.541068,"Nonoichi",129.460449660358,36.7841891546028
"92","BC-0345297690","East.Asia","Daegu",128.593463,35.865491,"Daegu",128.889450073242,35.1248626708984
"93","BC-0345297733","East.Asia","Nonoichi",136.598377,36.541154,"Nonoichi",12.1756189307223,-14.4491435685839
"94","BC-0345299174","East.Asia","Nonoichi",136.598311,36.541136,"Nonoichi",136.890563964844,36.2658920288086
"95","BC-0345299203","East.Asia","Nonoichi",136.598389,36.541069,"Nonoichi",137.390611607004,36.8273906519988
"96","BC-0345300519","East.Asia","Daegu",128.593463,35.865491,"Daegu",128.493408203125,35.8338050842285
"97","BC-0345300547","East.Asia","Nonoichi",136.5706,36.525605,"Nonoichi",137.217598911691,34.6062859156618
"98","BC-0345317903","Middle.East","Islamabad",73.03353,33.689198,"Islamabad",93.7018890380859,34.7165298461914
"99","BC-0345318028","Middle.East","Islamabad",73.167541,33.740674,"Nonoichi",128.594223022461,35.9559860229492
"100","BC-0345318362","Middle.East","Islamabad",73.031166,33.689833,"Islamabad",67.2087478637695,34.076000213623
"101","BC-0345318769","Middle.East","Tel.Aviv",34.795513,32.082093,"Frederick..MD",127.386519403188,34.4756737330441
"102","BC-0345603479","East.Asia","Sasebo",129.79636,33.092063,"Sasebo",127.616081237793,38.4859199523926
"103","BC-0345604118","East.Asia","Sasebo",129.796676,33.091688,"Sasebo",130.944564819336,31.7613906860352
"104","BC-0345651597","East.Asia","Sasebo",129.796574,33.091919,"Sasebo",130.353935174685,33.6041507024417
"105","BC-0345651720","East.Asia","Sasebo",129.796679,33.091557,"Sasebo",129.819854736328,32.6142997741699
"106","BC-0345653865","East.Asia","Sasebo",129.796678,33.091738,"Sasebo",129.40841149304,33.2960558131175
"107","BC-0345653936","East.Asia","Sasebo",129.796618,33.091751,"Sasebo",129.30696105957,34.3422660827637
"108","BC-0345654139","East.Asia","Sasebo",129.796385,33.092746,"Sasebo",129.40841149304,33.2960558131175
"109","BC-0345654141","East.Asia","Sasebo",129.796704,33.091683,"Sasebo",129.814691603719,32.6103095566044
"110","BC-0345654269","East.Asia","Sasebo",129.796709,33.091617,"Sasebo",129.40841149304,33.2960558131175
"111","BC-0345679858","Europe","London",-0.130396,51.42535,"London",-8.56161658368356,51.6693012558994
"112","BC-0345690988","Europe","London",-0.130357,51.425184,"London",-0.710960745811462,51.4732856750488
"113","BC-0345719421","Europe","London",-0.131001,51.426236,"London",-0.475136995315552,51.5444297790527
"114","BC-0345723644","East.Asia","Kusatsu",135.9515,34.9783,"Kusatsu",134.733551025391,35.0662612915039
"115","BC-0345723651","East.Asia","Kusatsu",135.9515,34.9783,"Kusatsu",134.897766113281,35.0806770324707
"116","BC-0345723654","Europe","London",-0.130363,51.425306,"London",-0.944805800914764,53.5109062194824
"117","BC-0345723665","Europe","London",-0.131329,51.426421,"London",0.550333693045587,50.7657388372759
"118","BC-0345723689","East.Asia","Kusatsu",135.9515,34.9783,"Kusatsu",140.253279250245,35.1381397568098
"119","BC-0345723694","East.Asia","Kusatsu",135.9515,34.9783,"Kusatsu",135.97038269043,35.3322601318359
"120","BC-0345723766","Europe","London",-0.130506,51.425035,"London",1.55998782716421,52.099998480836
"121","BC-0345724475","Europe","London",-0.130536,51.424934,"London",0.116627164185047,51.0188064575195
"122","BC-0345724478","East.Asia","Kusatsu",135.9515,34.9783,"Berlin",-16.6138382634033,12.1709111597127
"123","BC-0345724490","Europe","London",-0.131525,51.426295,"London",1.66095995903015,50.5951652526855
"124","BC-0345724493","Europe","London",-0.130485,51.425009,"London",0.126034811139107,51.5025253295898
"125","BC-0345724496","Europe","London",-0.130487,51.425015,"London",-0.192209482192993,51.6057205200195
"126","BC-0345724512","Europe","London",-0.131317,51.426419,"London",1.05056155763094,51.8067605657957
"127","BC-0345724513","Europe","London",-0.131152,51.426211,"London",0.276035606861115,51.5842704772949
"128","BC-0345797636","South.America","Santiago",-70.605283,-33.454282,"Santiago",-71.8617321438326,-33.9090927060315
"129","BC-0345797645","South.America","Santiago",-70.611026,-33.455575,"Hong.Kong",33.171501159668,41.1369552612305
"130","BC-0345797802","South.America","Santiago",-70.605235,-33.453967,"Santiago",-58.4270741441044,-33.9094544410576
"131","BC-0345798087","South.America","Santiago",-70.599307,-33.519671,"Santiago",-63.1292762756348,-30.3646354675293
"132","BC-0361056946","South.America","Santiago",-70.60714,-33.454434,"Santiago",-68.9686584472656,-35.0381202697754
"133","BC-0361057076","South.America","Santiago",-70.678759,-33.450789,"Santiago",-71.8617321438326,-33.9090927060315
"134","BC-0361057091","South.America","Santiago",-70.607105,-33.454425,"Santiago",-66.0298690795898,-34.4091567993164
"135","BC-0247292800","North.America","Baltimore..MD",-76.624188,39.286184,"Frederick..MD",-86.9135665893555,41.6179046630859
"136","BC-0247293402","Europe","Krakow",19.947877,50.0685848,"Krakow",30.4420528411865,50.0396308898926
"137","BC-0302406558","Europe","Krakow",19.9456048,50.0646793,"Krakow",21.5951442718506,47.6556510925293
"138","BC-0302409434","Europe","Berlin",13.410637,52.523448,"Berlin",10.4129333496094,52.5958442687988
"139","BC-0302409457","Europe","Berlin",13.412886,52.522351,"Berlin",17.6077861785889,51.8996238708496
"140","BC-0302409459","Europe","Krakow",19.9492923,50.0679798,"Krakow",16.5577087402344,51.2168998718262
"141","BC-0302410490","Europe","Krakow",19.9492923,50.0679798,"Krakow",19.8904666900635,49.9741249084473
"142","BC-0302410523","Europe","Krakow",19.9456048,50.0646793,"Krakow",21.0236587524414,49.0371017456055
"143","BC-0302410747","Europe","Krakow",19.9492923,50.0679798,"Krakow",20.3696403503418,49.9532241821289
"144","BC-0302411034","Europe","Krakow",19.9492923,50.0679798,"Krakow",18.6993789672852,49.9824752807617
"145","BC-0302411104","Europe","Berlin",13.411679,52.522955,"Berlin",13.5271615982056,52.3407554626465
"146","BC-0302411105","Europe","Krakow",19.9496428,50.0681821,"Krakow",43.5890121459961,41.0569763183594
"147","BC-0302411522","Europe","Krakow",19.9468671,50.0688263,"Vancovuer",-53.521456264853,46.6182917343948
"148","BC-0302411554","Europe","Krakow",19.9456048,50.0646793,"Krakow",14.7898330688477,50.6394424438477
"149","BC-0302411589","Europe","Krakow",19.9496428,50.0681821,"Krakow",18.3940601348877,50.3850860595703
"150","BC-0302411919","Europe","Krakow",19.9456048,50.0646793,"Krakow",24.7488822937012,50.0875930786133
"151","BC-0302412843","Europe","Krakow",19.9496428,50.0681821,"Krakow",20.1648540496826,49.6856689453125
"152","BC-0302413047","Europe","Krakow",19.9456048,50.0646793,"Krakow",16.6546936035156,49.977180480957
"153","BC-0302413687","North.America","Vancovuer",-123.252207,49.267106,"Vancovuer",-100.402961730957,45.5806350708008
"154","BC-0302416464","North.America","Vancovuer",-123.252121,49.26705,"Vancovuer",-103.284271240234,49.5186614990234
"155","BC-0302417379","North.America","Vancovuer",-123.252191,49.266795,"Sasebo",103.30980682373,33.9348487854004
"156","BC-0302417410","North.America","Vancovuer",-123.251863,49.267134,"Vancovuer",-126.850003628428,49.5300003118804
"157","BC-0306555265","Europe","Berlin",13.412886,52.522351,"Berlin",12.709002494812,52.4408569335938
"158","BC-0306555276","Europe","Berlin",13.411679,52.522955,"Berlin",13.0845203399658,52.0640983581543
"159","BC-0306555277","Europe","Berlin",13.412886,52.522351,"Berlin",10.9325351715088,52.4568176269531
"160","BC-0306557680","Europe","Berlin",13.412374,52.522583,"Berlin",14.1085386276245,52.0148124694824
"161","BC-0306557815","Europe","Berlin",13.411878,52.522847,"Sao.Paulo",-7.97410722495725,4.35575511313196
"162","BC-0306558360","Europe","Berlin",13.410637,52.523448,"Berlin",12.7876863479614,52.5906982421875
"163","BC-0306558364","Europe","Berlin",13.412216,52.522657,"Santiago",-0.820823729038239,15.9880447387695
"164","BC-0306558564","Europe","Berlin",13.412886,52.522351,"Berlin",14.0271787643433,52.2409896850586
"165","BC-0332568280","North.America","Frederick..MD",-77.412004,36.414969,"Frederick..MD",-74.9060424465792,38.9395356308484
"166","BC-0332568325","North.America","Frederick..MD",-77.410748,39.41424,"Frederick..MD",-79.6867980957031,36.9834136962891
"167","BC-0332570062","North.America","Seattle",-122.3435522,47.60974,"Seattle",-109.548309326172,45.7141342163086
"168","BC-0332570988","South.America","Sao.Paulo",-46.638397,-23.565047,"Sao.Paulo",11.6400960628816,-16.6731421851293
"169","BC-0332571009","South.America","Sao.Paulo",-46.638397,-23.565047,"Sao.Paulo",-47.0625228881836,-23.3094730377197
"170","BC-0332571010","South.America","Sao.Paulo",-46.637337,-23.564985,"Sao.Paulo",11.7785372249915,-15.7938160132507
"171","BC-0332571674","South.America","Sao.Paulo",-46.636231,-23.565243,"Sao.Paulo",-55.003532409668,-28.723014831543
"172","BC-0332571705","South.America","Sao.Paulo",-46.638397,-23.565047,"Sao.Paulo",-46.9012832641602,-22.2324924468994
"173","BC-0332572537","North.America","Baltimore..MD",-76.624188,39.286184,"Baltimore..MD",-78.5323944091797,43.4958343505859
"174","BC-0332572565","North.America","Baltimore..MD",-76.624188,39.286184,"Baltimore..MD",-78.1735763549805,40.6602745056152
"175","BC-0332572924","North.America","Seattle",-122.342262,47.6095331,"Seattle",-111.90502166748,45.4756736755371
"176","BC-0332572950","North.America","Baltimore..MD",-76.624188,39.286184,"Baltimore..MD",-73.1075210571289,41.3384056091309
"177","BC-0332573585","South.America","Sao.Paulo",-46.637337,-23.564985,"Seattle",-79.964973449707,43.3568954467773
"178","BC-0332573607","South.America","Sao.Paulo",-46.636231,-23.565243,"Sao.Paulo",-48.4954581365777,-25.8770248349057
"179","BC-0332573894","North.America","Seattle",-122.3428287,47.6095492,"Seattle",-61.0398862372138,45.2652477076966
"180","BC-0332574727","North.America","Seattle",-122.3435522,47.60974,"Seattle",-125.655011969894,48.8250045843385
"181","BC-0332574748","North.America","Seattle",-122.342262,47.6095331,"Seattle",-123.89893,45.52341
"182","BC-0332574754","North.America","Seattle",-122.342262,47.6095331,"Seattle",-126.850003628428,49.5300003118804
"183","BC-0332574759","North.America","Seattle",-122.3435522,47.60974,"Seattle",-122.339994676587,47.36000356708
"184","BC-0332574925","North.America","Seattle",-122.3428287,47.6095492,"Seattle",-122.84300994873,46.3099517822266
"185","BC-0332574978","South.America","Sao.Paulo",-46.638397,-23.565047,"Sao.Paulo",-52.2281112670898,-28.6034374237061
"186","BC-0332607151","North.America","Frederick..MD",-77.410748,39.41424,"Frederick..MD",-75.0718347647898,38.7820322301792
"187","BC-0332613654","North.America","Frederick..MD",-77.410748,39.41424,"Frederick..MD",-71.945008714471,40.9300084498668
"188","BC-0332613779","North.America","Frederick..MD",-77.412004,36.414969,"Frederick..MD",-71.945008714471,40.9300084498668
"189","BC-0332613790","North.America","Frederick..MD",-77.412004,36.414969,"Frederick..MD",-76.8253173828125,39.0919532775879
"190","BC-0332613810","North.America","Frederick..MD",-77.412004,36.414969,"Frederick..MD",-77.0752258300781,38.4690322875977
"191","BC-0332758516","East.Asia","Daegu",128.593463,35.865456,"Daegu",130.878450962447,34.23274282484
"192","BC-0332758526","East.Asia","Daegu",128.593463,35.865491,"Daegu",92.1781845092773,35.3226623535156
"193","BC-0332769064","East.Asia","Daegu",128.593506,35.865456,"Daegu",126.373919712429,34.9345604517959
"194","BC-0332772981","East.Asia","Daegu",128.593468,35.865456,"Daegu",129.468304478066,35.632140611304
"195","BC-0332773031","East.Asia","Daegu",128.593463,35.865456,"Daegu",126.117397902532,36.7254847275193
"196","BC-0332773196","East.Asia","Daegu",128.593506,35.865491,"Daegu",126.709350585938,35.5171890258789
"197","BC-0332773205","East.Asia","Daegu",128.593463,35.865491,"Daegu",132.617672967662,35.4333930527094
"198","BC-0332773255","East.Asia","Daegu",128.593461,35.865491,"Daegu",127.766586303711,36.7668838500977
"199","BC-0332773258","East.Asia","Daegu",128.593506,35.865456,"Daegu",127.467338562012,35.3776321411133
"200","BC-0332773263","East.Asia","Daegu",128.593463,35.865456,"Daegu",132.617672967662,35.4333930527094
"201","BC-0332773270","East.Asia","Daegu",128.593463,35.865491,"Krakow",36.5799560546875,40.7483329772949
"202","BC-0332774013","East.Asia","Daegu",128.59342,35.865422,"Daegu",129.468304478066,35.632140611304
"203","BC-0332774174","East.Asia","Daegu",128.593463,35.865491,"Daegu",128.387924194336,36.2309341430664
"204","BC-0338278359","East.Asia","Hong.Kong",114.170102,22.319155,"Hong.Kong",115.890735304835,22.7828732365781
"205","BC-0338279198","East.Asia","Hong.Kong",114.170571,22.316071,"Hong.Kong",108.608390808105,21.9784183502197
"206","BC-0338302393","East.Asia","Hong.Kong",114.170571,22.316071,"Hong.Kong",120.747079705896,21.9705713973821
"207","BC-0338302416","East.Asia","Hong.Kong",114.170054,22.319587,"Hong.Kong",121.175632358893,22.7908572453672
"208","BC-0338302445","East.Asia","Hong.Kong",114.170662,22.315356,"Hong.Kong",115.890735304835,22.7828732365781
"209","BC-0338302473","East.Asia","Hong.Kong",114.17085,22.313979,"Hong.Kong",115.890735304835,22.7828732365781
"210","BC-0338302607","East.Asia","Hong.Kong",114.170662,22.315356,"Hong.Kong",105.90160369873,15.4169263839722
"211","BC-0338302621","East.Asia","Hong.Kong",114.170102,22.319155,"Hong.Kong",26.4816589355469,1.27277743816376
"212","BC-0338302628","East.Asia","Hong.Kong",114.170571,22.316071,"Hong.Kong",115.794662475586,23.2599983215332
"213","BC-0338302657","East.Asia","Hong.Kong",114.170054,22.319587,"Hong.Kong",115.890735304835,22.7828732365781
"214","BC-0338305525","Europe","London",-0.130854,51.425602,"London",-0.622338831424713,51.9388198852539
"215","BC-0338313769","Europe","London",-0.130481,51.424911,"London",-52.6480987209042,47.5355484075755
"216","BC-0338318926","Europe","London",-0.130927,51.424586,"London",-9.97708574059027,51.8204548203531
"217","BC-0338319007","Europe","London",-0.130481,51.424911,"London",19.3252658843994,44.9710159301758
"218","BC-0338339229","South.America","Buenos.Aires",-58.382206,-34.603587,"Islamabad",19.760290145874,17.8162994384766
"219","BC-0338339332","South.America","Buenos.Aires",-58.380906,-34.603881,"Buenos.Aires",-51.5762261623062,-31.7776982561532
"220","BC-0338339453","South.America","Buenos.Aires",-58.382537,-34.602654,"Buenos.Aires",-69.3655624389648,-24.895679473877
"221","BC-0345272383","East.Asia","Daegu",128.59342,35.865526,"Daegu",128.392288208008,34.8852615356445
"222","BC-0345296222","East.Asia","Nonoichi",136.598013,36.541193,"Nonoichi",132.617672967662,35.4333930527094
"223","BC-0345296702","East.Asia","Daegu",128.593506,35.865491,"Daegu",126.373919712429,34.9345604517959
"224","BC-0345297432","East.Asia","Nonoichi",136.598216,36.541162,"Nonoichi",137.283218383789,36.4727897644043
"225","BC-0345298339","East.Asia","Nonoichi",136.598151,36.541129,"Nonoichi",138.050155639648,36.2190704345703
"226","BC-0345298860","East.Asia","Nonoichi",136.59823,36.541148,"Sasebo",105.171478271484,35.3427047729492
"227","BC-0345299118","East.Asia","Nonoichi",136.598377,36.541154,"Nonoichi",138.857559204102,37.1025886535645
"228","BC-0345299193","East.Asia","Nonoichi",136.598407,36.541089,"Nonoichi",138.026885986328,36.6422500610352
"229","BC-0345299575","East.Asia","Nonoichi",136.598242,36.541197,"Nonoichi",135.677537876529,35.5271341008869
"230","BC-0345299577","East.Asia","Nonoichi",136.598371,36.541116,"Berlin",114.508270263672,38.6516990661621
"231","BC-0345317930","Middle.East","Islamabad",73.082216,33.703869,"Daegu",15.1274328231812,13.2355136871338
"232","BC-0345318773","Middle.East","Tel.Aviv",34.795351,32.082185,"Tel.Aviv",30.0950419451169,31.473402207967
"233","BC-0345318788","Middle.East","Islamabad",73.03353,33.689198,"Islamabad",62.9263954162598,38.7112236022949
"234","BC-0345320543","Europe","Zurich",8.538853,47.377303,"London",-0.98946895995536,49.3473758001609
"235","BC-0345320813","Middle.East","Tel.Aviv",34.795351,32.082185,"Tel.Aviv",24.7249821306423,34.9199876978896
"236","BC-0345603463","East.Asia","Sasebo",129.796574,33.091883,"Sasebo",129.40841149304,33.2960558131175
"237","BC-0345603571","East.Asia","Sasebo",129.796646,33.091901,"Sasebo",133.014858026258,32.7045673691047
"238","BC-0345651537","East.Asia","Sasebo",129.796698,33.091706,"Sasebo",135.958023071289,34.3599014282227
"239","BC-0345651588","East.Asia","Sasebo",129.796385,33.092746,"Sasebo",130.61296081543,33.5972061157227
"240","BC-0345653412","East.Asia","Sasebo",129.796581,33.091676,"Sasebo",130.572311401367,33.1529998779297
"241","BC-0345654126","East.Asia","Sasebo",129.796698,33.091706,"Hong.Kong",118.486274719238,25.3140697479248
"242","BC-0345654171","East.Asia","Sasebo",129.796774,33.091576,"Sasebo",131.249771118164,33.0978126525879
"243","BC-0345654181","East.Asia","Sasebo",129.796709,33.091617,"Sasebo",127.386519403188,34.4756737330441
"244","BC-0345654356","East.Asia","Sasebo",129.796676,33.091688,"Sasebo",132.156770868051,33.9049333765965
"245","BC-0345685028","Europe","London",-0.130396,51.42535,"Sasebo",56.354663848877,45.4641036987305
"246","BC-0345689525","Europe","London",-0.130393,51.425091,"London",11.6435747146606,51.5179748535156
"247","BC-0345690979","Europe","London",-0.130736,51.424931,"London",2.51357303224614,51.1485061712619
"248","BC-0345693685","Europe","London",-0.131193,51.426383,"London",5.97591638565063,50.7197418212891
"249","BC-0345698160","Europe","London",-0.130357,51.425184,"London",18.3636741638184,51.4563102722168
"250","BC-0345723616","East.Asia","Kusatsu",135.9515,34.9783,"Kusatsu",135.597579956055,34.9324607849121
"251","BC-0345723660","East.Asia","Kusatsu",135.9515,34.9783,"Kusatsu",24.5713424682617,40.6811866760254
"252","BC-0345723661","East.Asia","Kusatsu",135.9515,34.9783,"Kusatsu",133.921844482422,34.0834503173828
"253","BC-0345723662","Europe","London",-0.130567,51.425263,"London",5.19835996627808,51.3620796203613
"254","BC-0345723687","Europe","London",-0.130536,51.424934,"Hong.Kong",87.6809005737305,34.6261329650879
"255","BC-0345724473","Europe","London",-0.131195,51.425252,"London",-0.946876466274261,51.873405456543
"256","BC-0345724482","Europe","London",-0.123151,51.424022,"London",-0.104332320392132,51.6913223266602
"257","BC-0345724507","Europe","London",-0.130423,51.424261,"London",-1.16408360004425,51.2540550231934
"258","BC-0345724525","Europe","London",-0.131329,51.426421,"London",-0.915217936038971,50.9292869567871
"259","BC-0345724534","Europe","London",-0.131195,51.425252,"London",-0.118454046547413,51.7957878112793
"260","BC-0345724539","East.Asia","Kusatsu",135.9515,34.9783,"Kusatsu",140.774074334883,35.8428771021902
"261","BC-0345731405","Middle.East","Islamabad",73.181593,33.740744,"Islamabad",73.9588088989258,37.4357452392578
"262","BC-0345795864","South.America","Santiago",-70.596357,-33.519992,"Santiago",-71.8617321438326,-33.9090927060315
"263","BC-0345797312","South.America","Santiago",-70.574858,-33.609553,"Santiago",-63.285572052002,-28.3306407928467
"264","BC-0345797632","South.America","Santiago",-70.576011,-33.609571,"Santiago",-63.750919342041,-23.8795585632324
"265","BC-0345797817","South.America","Santiago",-70.599382,-33.51968,"Santiago",-68.6073379516602,-33.3386840820312
"266","BC-0345798991","South.America","Santiago",-70.599375,-33.519671,"Santiago",-72.5531369696817,-35.5088400204911
"267","BC-0361078455","South.America","Santiago",-70.598763,-33.474493,"Santiago",-65.7911148071289,-34.9602203369141
"268","BC-0361082863","South.America","Santiago",-70.598748,-33.474755,"Santiago",-53.2706184387207,-30.1709899902344
"269","BC-0247290436","North.America","Baltimore..MD",-76.624188,39.286184,"Baltimore..MD",-80.0744247436523,39.3716735839844
"270","BC-0302375695","Europe","Krakow",19.9496428,50.0681821,"Krakow",17.5479793548584,50.0220184326172
"271","BC-0302385563","Europe","Berlin",13.412886,52.522351,"Berlin",13.929407119751,52.5667610168457
"272","BC-0302410057","North.America","Vancovuer",-123.252078,49.267106,"Vancovuer",-128.059335496922,49.9949590114265
"273","BC-0302410212","Europe","Krakow",19.9496428,50.0681821,"Krakow",20.2429866790771,49.5349349975586
"274","BC-0302410781","Europe","Krakow",19.9446875,50.0644778,"Krakow",19.5548248291016,49.6978340148926
"275","BC-0302410801","Europe","Krakow",19.9496428,50.0681821,"Krakow",16.8847026824951,50.2165756225586
"276","BC-0302410808","Europe","Krakow",19.9456048,50.0646793,"Krakow",40.0729904174805,45.531810760498
"277","BC-0302411064","Europe","Krakow",19.947877,50.0685848,"Krakow",16.4325103759766,52.0163688659668
"278","BC-0302411068","Europe","Krakow",19.9468671,50.0688263,"Krakow",19.5124187469482,50.4239082336426
"279","BC-0302411076","Europe","Krakow",19.9446875,50.0644778,"Krakow",18.3545150756836,49.8691711425781
"280","BC-0302411830","Europe","Krakow",19.9492923,50.0679798,"Krakow",19.7079792022705,50.7153358459473
"281","BC-0302412883","Europe","Berlin",13.411878,52.522847,"Berlin",12.8369560241699,52.1716918945312
"282","BC-0302413061","Europe","Krakow",19.9456048,50.0646793,"Krakow",23.4297409057617,47.8354568481445
"283","BC-0302413079","Europe","Krakow",19.9446875,50.0644778,"Krakow",18.7816219329834,50.5197486877441
"284","BC-0302413124","Europe","Krakow",19.947877,50.0685848,"Krakow",15.9297208786011,43.9099349975586
"285","BC-0302413675","North.America","Vancovuer",-123.252101,49.267099,"Vancovuer",-126.850003628428,49.5300003118804
"286","BC-0302413918","Europe","Krakow",19.9492923,50.0679798,"Krakow",19.4607772827148,50.0469970703125
"287","BC-0302413933","Europe","Krakow",19.947877,50.0685848,"Krakow",23.5000400543213,50.9602241516113
"288","BC-0302415048","North.America","Vancovuer",-123.252165,49.267071,"London",-52.6480987209042,47.5355484075755
"289","BC-0306555327","Europe","Berlin",13.410509,52.523761,"Berlin",12.5793943405151,51.6058311462402
"290","BC-0306557712","Europe","Berlin",13.411878,52.522847,"Berlin",9.27564430236816,52.371265411377
"291","BC-0306557932","Europe","Berlin",13.411878,52.522847,"Berlin",12.0898094177246,52.2643585205078
"292","BC-0306558046","Europe","Berlin",13.411679,52.522955,"Berlin",12.5212898254395,52.2961845397949
"293","BC-0306558054","Europe","Berlin",13.411679,52.522955,"Berlin",11.4015207290649,52.3612289428711
"294","BC-0306558569","Europe","Berlin",13.410637,52.523448,"Berlin",12.4359407424927,52.3730850219727
"295","BC-0306558602","Europe","Berlin",13.412886,52.522351,"Berlin",13.631175994873,52.2188301086426
"296","BC-0306559403","Europe","Berlin",13.412374,52.522583,"Berlin",13.8286046981812,51.9998207092285
"297","BC-0306559416","Europe","Berlin",13.412374,52.522583,"Krakow",7.03238439559937,49.9243316650391
"298","BC-0332568281","North.America","Frederick..MD",-77.410748,39.41424,"Frederick..MD",-77.7195434570312,38.4865760803223
"299","BC-0332568310","North.America","Frederick..MD",-77.410748,39.41424,"Frederick..MD",-75.3774607001618,38.0155093450374
"300","BC-0332570045","North.America","Baltimore..MD",-76.624188,39.286184,"Baltimore..MD",-75.9402428860364,37.2169017603988
"301","BC-0332570176","South.America","Sao.Paulo",-46.637738,-23.564566,"Sao.Paulo",-39.7608233302276,-19.5991134579274
"302","BC-0332570415","North.America","Frederick..MD",-77.412004,36.414969,"Frederick..MD",-83.2796936035156,38.8297920227051
"303","BC-0332570987","South.America","Sao.Paulo",-46.637337,-23.564985,"Sao.Paulo",-37.6836116196074,-12.1711947567258
"304","BC-0332571351","South.America","Sao.Paulo",-46.636231,-23.565243,"Sao.Paulo",-42.8867340087891,-22.3405170440674
"305","BC-0332571621","South.America","Sao.Paulo",-46.637738,-23.564566,"Sao.Paulo",-45.3521357895599,-23.7968417294286
"306","BC-0332571701","South.America","Sao.Paulo",-46.637738,-23.564566,"Sao.Paulo",-34.8960298324868,-6.73819304771971
"307","BC-0332572830","North.America","Seattle",-122.340075,47.6090383,"Seattle",-97.2554626464844,49.090087890625
"308","BC-0332572836","South.America","Sao.Paulo",-46.637337,-23.564985,"Sao.Paulo",-46.8389205932617,-20.8316802978516
"309","BC-0332573586","South.America","Sao.Paulo",-46.637337,-23.564985,"Sao.Paulo",-42.719669342041,-17.3605670928955
"310","BC-0332573854","North.America","Baltimore..MD",-76.624188,39.286184,"Baltimore..MD",-81.1141815185547,39.9155120849609
"311","BC-0332573862","North.America","Baltimore..MD",-76.624188,39.286184,"Baltimore..MD",-52.6480987209042,47.5355484075755
"312","BC-0332574707","North.America","Seattle",-122.3435522,47.60974,"Seattle",-118.372512817383,46.935863494873
"313","BC-0332574715","North.America","Seattle",-122.3435522,47.60974,"Seattle",-119.176322937012,46.4659957885742
"314","BC-0332574716","North.America","Seattle",-122.342262,47.6095331,"Seattle",-100.928199768066,49.7406311035156
"315","BC-0332574962","North.America","Seattle",-122.342262,47.6095331,"London",-68.5111356268921,49.0683747422171
"316","BC-0332575167","North.America","Seattle",-122.3435522,47.60974,"Seattle",-120.233528137207,46.0593299865723
"317","BC-0332575189","North.America","Seattle",-122.3428287,47.6095492,"Seattle",-99.2558059692383,48.9390563964844
"318","BC-0332575222","North.America","Seattle",-122.3428287,47.6095492,"Seattle",-122.398788452148,48.5946769714355
"319","BC-0332575225","South.America","Sao.Paulo",-46.637337,-23.564985,"Sao.Paulo",-48.3446960449219,-18.3398628234863
"320","BC-0332607153","North.America","Frederick..MD",-77.410748,39.41424,"Frederick..MD",-74.1783866034773,39.7092560898359
"321","BC-0332613845","North.America","Frederick..MD",-77.410748,39.41424,"Frederick..MD",-78.0830612182617,37.8198127746582
"322","BC-0332613860","North.America","Frederick..MD",-77.410748,39.41424,"Frederick..MD",-76.32933,38.08326
"323","BC-0332614780","North.America","Frederick..MD",-77.412004,36.414969,"Frederick..MD",-87.4859466552734,40.8788681030273
"324","BC-0332758524","East.Asia","Daegu",128.593463,35.865491,"Daegu",121.951243931161,24.997595933527
"325","BC-0332767065","East.Asia","Daegu",128.593459,35.865491,"Daegu",126.117397902532,36.7254847275193
"326","BC-0332772990","East.Asia","Daegu",128.593463,35.865491,"Daegu",129.468304478066,35.632140611304
"327","BC-0332773045","East.Asia","Daegu",128.59342,35.865491,"Daegu",130.878450962447,34.23274282484
"328","BC-0332773227","East.Asia","Daegu",128.593463,35.865387,"Daegu",129.468304478066,35.632140611304
"329","BC-0332773251","East.Asia","Daegu",128.593463,35.865456,"Daegu",129.08708190918,36.2584648132324
"330","BC-0332774015","East.Asia","Daegu",128.593463,35.865491,"Daegu",129.468304478066,35.632140611304
"331","BC-0332774198","East.Asia","Daegu",128.593463,35.865491,"Daegu",126.373919712429,34.9345604517959
"332","BC-0332774209","East.Asia","Daegu",128.593463,35.865456,"Daegu",129.09137658093,35.0824842392314
"333","BC-0338278314","East.Asia","Hong.Kong",114.170102,22.319155,"Hong.Kong",110.988975524902,24.0996570587158
"334","BC-0338278315","East.Asia","Hong.Kong",114.170571,22.316071,"Hong.Kong",117.170761108398,23.8262557983398
"335","BC-0338278392","East.Asia","Hong.Kong",114.17085,22.313979,"Hong.Kong",108.942817687988,22.2764263153076
"336","BC-0338302381","East.Asia","Hong.Kong",114.170054,22.319587,"Hong.Kong",115.890735304835,22.7828732365781
"337","BC-0338302417","East.Asia","Hong.Kong",114.170054,22.319587,"Hong.Kong",113.241077915502,22.0513674992705
"338","BC-0338302573","East.Asia","Hong.Kong",114.170571,22.316071,"Hong.Kong",120.747079705896,21.9705713973821
"339","BC-0338302614","East.Asia","Hong.Kong",114.170631,22.315962,"Hong.Kong",111.372970581055,26.7034854888916
"340","BC-0338302615","East.Asia","Hong.Kong",114.170571,22.316071,"Hong.Kong",120.747079705896,21.9705713973821
"341","BC-0338302650","East.Asia","Hong.Kong",114.170631,22.315962,"Hong.Kong",113.689002990723,24.3396835327148
"342","BC-0338314980","Europe","London",-0.123088,51.42404,"London",-0.425721406936646,52.0047264099121
"343","BC-0338314996","Europe","London",-0.130359,51.425123,"London",6.98076438903809,49.9208450317383
"344","BC-0338314999","Europe","London",-0.130367,51.425148,"London",3.31497114422854,51.3457809515361
"345","BC-0338318962","Europe","London",-0.131176,51.426427,"London",2.51357303224614,51.1485061712619
"346","BC-0338319003","Europe","London",-0.130071,51.425145,"London",1.6390010921385,50.9466063502975
"347","BC-0338319030","Europe","London",-0.130252,51.425054,"London",0.287822186946869,51.2162704467773
"348","BC-0338319035","Europe","London",-0.130556,51.425291,"London",1.44986534995024,51.2894278021218
"349","BC-0338336566","Europe","London",-0.130734,51.425399,"London",-1.20013499259949,51.3421020507812
"350","BC-0338339257","South.America","Buenos.Aires",-58.382423,-34.603769,"Buenos.Aires",-48.6691665649414,-16.8161964416504
"351","BC-0338339366","South.America","Buenos.Aires",-58.382452,-34.603868,"Islamabad",-7.51894120933044,4.33828847901731
"352","BC-0338339488","South.America","Buenos.Aires",-58.382506,-34.60385,"Buenos.Aires",-39.7608233302276,-19.5991134579274
"353","BC-0345235109","East.Asia","Daegu",128.59342,35.865561,"Daegu",129.09137658093,35.0824842392314
"354","BC-0345235158","East.Asia","Daegu",128.593463,35.865526,"Daegu",129.06135559082,35.7090492248535
"355","BC-0345235162","East.Asia","Daegu",128.59342,35.865491,"Daegu",126.349494934082,35.1213684082031
"356","BC-0345269801","East.Asia","Daegu",128.593463,35.865491,"Daegu",128.552352905273,35.9193229675293
"357","BC-0345270217","East.Asia","Daegu",128.593463,35.865526,"Daegu",132.617672967662,35.4333930527094
"358","BC-0345272388","East.Asia","Daegu",128.593463,35.865456,"Daegu",126.373919712429,34.9345604517959
"359","BC-0345296163","East.Asia","Nonoichi",136.628611,36.542624,"Hong.Kong",113.677101135254,28.1893405914307
"360","BC-0345296447","East.Asia","Nonoichi",136.598055,36.541225,"Nonoichi",137.448593139648,36.4522399902344
"361","BC-0345296518","East.Asia","Nonoichi",136.598368,36.541109,"Nonoichi",133.014858026258,32.7045673691047
"362","BC-0345297694","East.Asia","Nonoichi",136.598243,36.541134,"Nonoichi",133.014858026258,32.7045673691047
"363","BC-0345299289","East.Asia","Nonoichi",136.598224,36.54123,"Nonoichi",132.617672967662,35.4333930527094
"364","BC-0345299304","East.Asia","Nonoichi",136.598224,36.54123,"Nonoichi",134.608300815978,35.7316177434658
"365","BC-0345299508","East.Asia","Nonoichi",136.598069,36.541154,"Nonoichi",140.145446777344,36.7017478942871
"366","BC-0345300461","East.Asia","Nonoichi",136.598336,36.541133,"Nonoichi",132.617672967662,35.4333930527094
"367","BC-0345318450","Middle.East","Islamabad",73.16727,33.740726,"Islamabad",58.9961891174316,29.9169120788574
"368","BC-0345318501","Middle.East","Islamabad",73.06728,33.628034,"Islamabad",60.3154067993164,35.3817710876465
"369","BC-0345318789","Middle.East","Tel.Aviv",34.795513,32.082093,"Tel.Aviv",20.2177120297128,39.3402346868396
"370","BC-0345320613","Middle.East","Tel.Aviv",34.79521,32.082265,"Krakow",20.910816192627,45.4835739135742
"371","BC-0345320811","Europe","Zurich",8.539153,47.377044,"London",-68.7138671875,47.1557998657227
"372","BC-0345597488","East.Asia","Sasebo",129.796701,33.091627,"Sasebo",129.40841149304,33.2960558131175
"373","BC-0345602223","East.Asia","Sasebo",129.796745,33.092027,"Sasebo",127.386519403188,34.4756737330441
"374","BC-0345603576","East.Asia","Sasebo",129.796743,33.091558,"Sasebo",126.373919712429,34.9345604517959
"375","BC-0345651526","East.Asia","Sasebo",129.796645,33.091666,"Sasebo",130.878450962447,34.23274282484
"376","BC-0345651825","East.Asia","Sasebo",129.796749,33.091654,"Sasebo",131.109497070312,33.605770111084
"377","BC-0345651869","East.Asia","Sasebo",129.796618,33.091751,"Sasebo",129.468304478066,35.632140611304
"378","BC-0345654304","East.Asia","Sasebo",129.796714,33.091707,"Sasebo",130.202419875205,31.4182376164954
"379","BC-0345654325","East.Asia","Sasebo",129.796678,33.09172,"Sasebo",130.202419875205,31.4182376164954
"380","BC-0345654370","East.Asia","Sasebo",129.796654,33.091726,"Sasebo",129.40841149304,33.2960558131175
"381","BC-0345694964","Europe","London",-0.130421,51.425202,"London",3.83028852704308,51.620544542032
"382","BC-0345698157","Europe","London",-0.131754,51.426328,"London",-1.20352911949158,51.0367050170898
"383","BC-0345723627","East.Asia","Kusatsu",135.9515,34.9783,"Kusatsu",-8.89885698082033,36.8688093124808
"384","BC-0345723629","East.Asia","Kusatsu",135.9515,34.9783,"Kusatsu",132.617672967662,35.4333930527094
"385","BC-0345723632","East.Asia","Kusatsu",135.9515,34.9783,"Krakow",68.3584060668945,34.3903503417969
"386","BC-0345723658","Europe","London",-0.13035,51.425296,"London",0.0205868892371655,51.2519416809082
"387","BC-0345723677","East.Asia","Kusatsu",135.9515,34.9783,"Kusatsu",134.924713134766,35.310131072998
"388","BC-0345723680","East.Asia","Kusatsu",135.9515,34.9783,"Kusatsu",134.608300815978,35.7316177434658
"389","BC-0345723681","Europe","London",-0.131329,51.426421,"London",-0.701175272464752,51.3697624206543
"390","BC-0345723683","Europe","London",-0.131248,51.42622,"London",1.68153079591471,52.7395201686641
"391","BC-0345724511","Europe","London",-0.130577,51.425353,"London",2.51357303224614,51.1485061712619
"392","BC-0345724514","Europe","London",-0.131125,51.426175,"London",-1.91653406620026,50.9545478820801
"393","BC-0345795896","South.America","Santiago",-70.605274,-33.45422,"Santiago",-64.3979187011719,-33.9697952270508
"394","BC-0345797686","South.America","Santiago",-70.605274,-33.454246,"Santiago",-63.489429473877,-32.9771347045898
"395","BC-0345797839","South.America","Santiago",-70.596369,-33.519945,"Santiago",-68.296028137207,-33.784351348877
"396","BC-0345798943","South.America","Santiago",-70.597028,-33.522319,"Santiago",-63.6632385253906,-28.3327407836914
"397","BC-0345799029","South.America","Santiago",-70.605643,-33.453807,"Santiago",-58.8624000549316,-33.2930679321289
"398","BC-0361053744","South.America","Santiago",-70.607111,-33.454259,"Santiago",-68.9113540649414,-27.6999950408936
"399","BC-0361057008","South.America","Santiago",-70.576612,-33.611595,"Santiago",-68.7049407958984,-35.1459999084473
"400","BC-0247284151","North.America","Baltimore..MD",-76.624188,39.286184,"Baltimore..MD",-53.0691582912184,46.6554987656449
"401","BC-0247290208","North.America","Baltimore..MD",-76.624188,39.286184,"Frederick..MD",-69.9650262112079,41.637174587565
"402","BC-0247293836","Europe","Krakow",19.9446875,50.0644778,"Krakow",18.4537506103516,50.4172172546387
"403","BC-0247295148","Europe","Krakow",19.9468671,50.0688263,"Krakow",25.1947154998779,49.8375816345215
"404","BC-0302375699","Europe","Krakow",19.9468671,50.0688263,"Krakow",19.8569717407227,50.0377998352051
"405","BC-0302384150","Europe","Berlin",13.412886,52.522351,"Berlin",12.2596664428711,52.5139236450195
"406","BC-0302408155","North.America","Vancovuer",-123.249684,49.264944,"Seattle",70.4917297363281,41.0790481567383
"407","BC-0302411039","Europe","Berlin",13.410637,52.523448,"Berlin",7.35324764251709,50.3925132751465
"408","BC-0302411041","Europe","Berlin",13.412374,52.522583,"Berlin",9.81762218475342,52.6844177246094
"409","BC-0302411065","Europe","Berlin",13.411679,52.522955,"Berlin",-8.56161658368356,51.6693012558994
"410","BC-0302411223","Europe","Krakow",19.9496428,50.0681821,"Krakow",20.0825328826904,49.0835342407227
"411","BC-0302411266","Europe","Krakow",19.9446875,50.0644778,"Krakow",24.3717498779297,50.3756446838379
"412","BC-0302411580","Europe","Krakow",19.9446875,50.0644778,"Krakow",19.7228488922119,50.4656524658203
"413","BC-0302411872","Europe","Krakow",19.9446875,50.0644778,"Krakow",19.9415340423584,49.4578704833984
"414","BC-0302412880","Europe","Krakow",19.947877,50.0685848,"Krakow",17.8937397003174,50.6140670776367
"415","BC-0302412897","Europe","Krakow",19.9496428,50.0681821,"Krakow",20.1248950958252,50.7599601745605
"416","BC-0302413057","Europe","Krakow",19.9456048,50.0646793,"Krakow",11.7448387145996,46.418270111084
"417","BC-0302413066","Europe","Krakow",19.9446875,50.0644778,"Krakow",20.3974170684814,50.0676345825195
"418","BC-0302413915","Europe","Krakow",19.9492923,50.0679798,"Krakow",19.0860614776611,50.0555686950684
"419","BC-0302413923","Europe","Berlin",13.412374,52.522583,"Berlin",13.5362930297852,51.5791664123535
"420","BC-0302413927","Europe","Krakow",19.9496428,50.0681821,"Krakow",19.7023487091064,49.0583610534668
"421","BC-0302413948","Europe","Krakow",19.9456048,50.0646793,"Krakow",40.0709228515625,43.949821472168
"422","BC-0302416226","North.America","Vancovuer",-123.252121,49.267078,"Vancovuer",-122.003547668457,48.5852584838867
"423","BC-0302416467","North.America","Vancovuer",-123.251992,49.267106,"Vancovuer",-125.954993659348,49.1799958359675
"424","BC-0302423214","Europe","Krakow",19.9496428,50.0681821,"Krakow",19.3903884887695,49.7290344238281
"425","BC-0306557909","Europe","Berlin",13.411878,52.522847,"Berlin",12.4620656967163,52.4492111206055
"426","BC-0306558338","Europe","Berlin",13.412374,52.522583,"Berlin",11.1131544113159,52.6746711730957
"427","BC-0306558358","Europe","Berlin",13.411679,52.522955,"Berlin",17.6005249023438,52.5934982299805
"428","BC-0306558400","Europe","Berlin",13.411679,52.522955,"Berlin",8.5368070602417,52.456371307373
"429","BC-0306558516","Europe","Berlin",13.410509,52.523761,"Berlin",8.58541965484619,50.7345352172852
"430","BC-0306558539","Europe","Berlin",13.410509,52.523761,"Berlin",11.5764961242676,52.5700492858887
"431","BC-0332568357","North.America","Frederick..MD",-77.412004,36.414969,"Frederick..MD",-79.342155456543,38.5840530395508
"432","BC-0332569986","North.America","Seattle",-122.342262,47.6095331,"Seattle",-128.059335496922,49.9949590114265
"433","BC-0332570037","North.America","Baltimore..MD",-76.624188,39.286184,"Frederick..MD",-71.945008714471,40.9300084498668
"434","BC-0332570054","North.America","Baltimore..MD",-76.624188,39.286184,"Baltimore..MD",-78.2812957763672,37.8241195678711
"435","BC-0332570383","North.America","Frederick..MD",-77.412004,36.414969,"Frederick..MD",-79.2325897216797,36.4810638427734
"436","BC-0332570389","North.America","Frederick..MD",-77.412004,36.414969,"Frederick..MD",-71.945008714471,40.9300084498668
"437","BC-0332570441","North.America","Frederick..MD",-77.412004,36.414969,"Frederick..MD",-14.4399399479649,26.2544184432977
"438","BC-0332570959","South.America","Sao.Paulo",-46.638397,-23.565047,"Sao.Paulo",-41.9882842677366,-22.9700704891909
"439","BC-0332571358","South.America","Sao.Paulo",-46.636231,-23.565243,"Sao.Paulo",-42.2530364990234,-21.9190425872803
"440","BC-0332571403","South.America","Sao.Paulo",-46.636231,-23.565243,"Sao.Paulo",-47.6425361633301,-22.7619762420654
"441","BC-0332571639","South.America","Sao.Paulo",-46.638397,-23.565047,"Sao.Paulo",-43.6356582641602,-15.943244934082
"442","BC-0332571693","South.America","Sao.Paulo",-46.638397,-23.565047,"Sao.Paulo",-46.4020042419434,-23.5585632324219
"443","BC-0332572519","North.America","Seattle",-122.342262,47.6095331,"Seattle",-104.725982666016,43.9973220825195
"444","BC-0332572891","North.America","Seattle",-122.3428287,47.6095492,"Seattle",-126.850003628428,49.5300003118804
"445","BC-0332573440","South.America","Sao.Paulo",-46.637337,-23.564985,"Sao.Paulo",-41.4972343444824,-17.7828140258789
"446","BC-0332573521","South.America","Sao.Paulo",-46.636231,-23.565243,"Sao.Paulo",-42.0327529907227,-19.7834091186523
"447","BC-0332574694","South.America","Sao.Paulo",-46.637337,-23.564985,"Sao.Paulo",-39.7608233302276,-19.5991134579274
"448","BC-0332574726","North.America","Seattle",-122.3435522,47.60974,"Seattle",-122.121826171875,44.4049110412598
"449","BC-0332574742","North.America","Seattle",-122.3428287,47.6095492,"Seattle",-113.396446228027,46.5557136535645
"450","BC-0332575173","North.America","Seattle",-122.342262,47.6095331,"Seattle",-128.059335496922,49.9949590114265
"451","BC-0332575196","North.America","Seattle",-122.3435522,47.60974,"Seattle",-124.53284,42.76599
"452","BC-0332575236","North.America","Seattle",-122.3363763,47.6104755,"Seattle",-109.016304016113,46.7023468017578
"453","BC-0332608790","North.America","Frederick..MD",-77.410748,39.41424,"Frederick..MD",-80.0361175537109,37.1893730163574
"454","BC-0332614764","North.America","Frederick..MD",-77.412004,36.414969,"Frederick..MD",-82.1565322875977,39.3449745178223
"455","BC-0332614800","North.America","Frederick..MD",-77.412004,36.414969,"Frederick..MD",-75.3774607001618,38.0155093450374
"456","BC-0332755255","East.Asia","Daegu",128.593463,35.865491,"Daegu",128.323471069336,36.2516937255859
"457","BC-0332772991","East.Asia","Daegu",128.593463,35.865491,"Daegu",135.677537876529,35.5271341008869
"458","BC-0332773006","East.Asia","Daegu",128.593463,35.865491,"Daegu",126.373919712429,34.9345604517959
"459","BC-0332773007","East.Asia","Daegu",128.593463,35.865491,"Daegu",120.620369093917,33.3767227239251
"460","BC-0332773015","East.Asia","Daegu",128.593463,35.865456,"Daegu",129.40841149304,33.2960558131175
"461","BC-0332773019","East.Asia","Daegu",128.593506,35.865456,"Daegu",140.774074334883,35.8428771021902
"462","BC-0332773198","East.Asia","Daegu",128.593468,35.865456,"Daegu",119.113494873047,35.9195365905762
"463","BC-0332773725","East.Asia","Daegu",128.593463,35.865491,"Daegu",127.187530517578,35.3438987731934
"464","BC-0332774012","East.Asia","Daegu",128.593463,35.865456,"Daegu",129.09137658093,35.0824842392314
"465","BC-0332774167","East.Asia","Daegu",128.593463,35.865491,"Daegu",118.099571228027,35.7808074951172
"466","BC-0332774173","East.Asia","Daegu",128.59342,35.865456,"Daegu",120.637008905115,36.1114395208111
"467","BC-0332774182","East.Asia","Daegu",128.593463,35.865491,"Daegu",129.5341796875,35.9503402709961
"468","BC-0332774207","East.Asia","Daegu",128.593506,35.865491,"Daegu",126.117397902532,36.7254847275193
"469","BC-0332780254","South.America","Sao.Paulo",-46.637337,-23.564985,"Sao.Paulo",-53.3868980407715,-18.6935501098633
"470","BC-0338278368","East.Asia","Hong.Kong",114.170102,22.319155,"Hong.Kong",121.951243931161,24.997595933527
"471","BC-0338300753","East.Asia","Hong.Kong",114.170571,22.316071,"Hong.Kong",117.281606479971,23.6245014510997
"472","BC-0338300929","East.Asia","Hong.Kong",114.170102,22.319155,"Nonoichi",125.502551711124,12.1626946069783
"473","BC-0338302380","East.Asia","Hong.Kong",114.170054,22.319587,"Hong.Kong",117.148506164551,24.1765594482422
"474","BC-0338302412","East.Asia","Hong.Kong",114.170102,22.319155,"Hong.Kong",121.321308221524,18.5040646428109
"475","BC-0338302611","East.Asia","Hong.Kong",114.170631,22.315962,"Hong.Kong",120.747079705896,21.9705713973821
"476","BC-0338302619","East.Asia","Hong.Kong",114.170662,22.315356,"Hong.Kong",115.890735304835,22.7828732365781
"477","BC-0338302646","East.Asia","Hong.Kong",114.170631,22.315962,"Hong.Kong",117.070976257324,25.3482513427734
"478","BC-0338302652","East.Asia","Hong.Kong",114.170631,22.315962,"Hong.Kong",117.281606479971,23.6245014510997
"479","BC-0338313285","South.America","Buenos.Aires",-58.381869,-34.602716,"Buenos.Aires",-48.4747358872287,-27.1759119605619
"480","BC-0338314329","South.America","Buenos.Aires",-58.381706,-34.603462,"Buenos.Aires",-72.5531369696817,-35.5088400204911
"481","BC-0338314958","Europe","London",-0.130398,51.425189,"London",2.46440267562866,51.0689353942871
"482","BC-0338314973","Europe","London",-0.130972,51.425997,"London",-2.12941908836365,51.5562400817871
"483","BC-0338318958","Europe","London",-0.130972,51.425997,"London",-2.30874490737915,51.9413604736328
"484","BC-0338319001","Europe","London",-0.130252,51.425054,"London",3.31497114422854,51.3457809515361
"485","BC-0338319017","Europe","London",-0.130367,51.425148,"London",0.550333693045587,50.7657388372759
"486","BC-0338319032","Europe","London",-0.13123,51.426292,"London",-0.0555151030421257,51.3356971740723
"487","BC-0338319612","Europe","London",-0.130252,51.425054,"London",-3.17079257965088,51.0971031188965
"488","BC-0345235119","East.Asia","Daegu",128.593463,35.865526,"Daegu",127.519180297852,36.3332862854004
"489","BC-0345272068","East.Asia","Nonoichi",136.598443,36.541048,"Nonoichi",138.975527785396,34.6676000025761
"490","BC-0345272136","East.Asia","Nonoichi",136.598311,36.541136,"Nonoichi",140.04899597168,36.4379577636719
"491","BC-0345272370","East.Asia","Daegu",128.59342,35.865526,"Daegu",129.468304478066,35.632140611304
"492","BC-0345278438","East.Asia","Nonoichi",136.598547,36.541372,"Nonoichi",84.9717788696289,36.8603401184082
"493","BC-0345296437","East.Asia","Nonoichi",136.598055,36.541225,"Nonoichi",137.390611607004,36.8273906519988
"494","BC-0345297676","East.Asia","Nonoichi",136.598391,36.541085,"Nonoichi",140.599769728762,36.3439834661245
"495","BC-0345299135","East.Asia","Nonoichi",136.596777,36.542095,"Nonoichi",139.795059204102,36.1158332824707
"496","BC-0345299545","East.Asia","Nonoichi",136.598223,36.541148,"Nonoichi",139.368286132812,35.6228103637695
"497","BC-0345300257","East.Asia","Nonoichi",136.586982,36.520483,"Nonoichi",140.774074334883,35.8428771021902
"498","BC-0345309269","Middle.East","Tel.Aviv",34.79521,32.082265,"Tel.Aviv",21.5430058122702,32.8432152369438
"499","BC-0345312861","Middle.East","Tel.Aviv",34.79521,32.082265,"Tel.Aviv",19.8203202653883,31.7517831487233
"500","BC-0345312901","Europe","Zurich",8.54096,47.377047,"Zurich",-9.52657060386971,38.7374291041549
"501","BC-0345317985","Middle.East","Islamabad",73.082216,33.703869,"Sao.Paulo",-38.8822981430497,-15.6670537248388
"502","BC-0345318425","Middle.East","Islamabad",73.031135,33.689857,"Islamabad",49.576850213424,29.9857152369324
"503","BC-0345318467","Middle.East","Islamabad",73.071158,33.628125,"Islamabad",60.3759460449219,30.3442211151123
"504","BC-0345603510","East.Asia","Sasebo",129.796745,33.092027,"Sasebo",118.042748651198,39.2042739934797
"505","BC-0345603596","East.Asia","Sasebo",129.796617,33.091595,"Sasebo",131.329681396484,31.9093742370605
"506","BC-0345604110","East.Asia","Sasebo",129.796691,33.091654,"Sasebo",135.792983026269,33.4648052027666
"507","BC-0345604148","East.Asia","Sasebo",129.796552,33.091991,"Sasebo",120.227524855634,34.3603319361686
"508","BC-0345650067","East.Asia","Sasebo",129.796381,33.091991,"Sasebo",119.431854248047,34.009449005127
"509","BC-0345651987","East.Asia","Sasebo",129.796724,33.091847,"Sasebo",129.40841149304,33.2960558131175
"510","BC-0345653996","East.Asia","Sasebo",129.796619,33.091726,"Sasebo",120.227524855634,34.3603319361686
"511","BC-0345654113","East.Asia","Sasebo",129.796619,33.091726,"Sasebo",122.519994744966,36.9306143255018
"512","BC-0345654316","East.Asia","Sasebo",129.796691,33.091654,"Sasebo",130.686317987186,31.0295791692282
"513","BC-0345685103","Europe","London",-0.130439,51.425524,"London",-9.97708574059027,51.8204548203531
"514","BC-0345698078","Europe","London",-0.13106,51.426342,"London",-1.32743966579437,51.3740158081055
"515","BC-0345700560","Europe","London",-0.131828,51.426286,"London",7.97810077667236,50.9924049377441
"516","BC-0345719382","Europe","London",-0.131563,51.426374,"London",-5.26729570150893,51.9914004583746
"517","BC-0345723630","East.Asia","Kusatsu",135.9515,34.9783,"Kusatsu",140.774074334883,35.8428771021902
"518","BC-0345723648","Europe","London",-0.130485,51.425009,"London",0.828519940376282,51.1753578186035
"519","BC-0345723699","East.Asia","Kusatsu",135.9515,34.9783,"Vancovuer",122.228645324707,39.9013023376465
"520","BC-0345724469","East.Asia","Kusatsu",135.9515,34.9783,"Kusatsu",145.543137241803,43.2621141627668
"521","BC-0345724481","Europe","London",-0.130286,51.425046,"London",9.05546569824219,50.5779342651367
"522","BC-0345724491","Europe","London",-0.130487,51.425015,"London",2.59422183036804,50.7895774841309
"523","BC-0345724526","Europe","London",-0.128918,51.423719,"London",-0.592103660106659,51.6799850463867
"524","BC-0345724530","East.Asia","Kusatsu",135.9515,34.9783,"Kusatsu",139.985977172852,35.7287750244141
"525","BC-0345724531","East.Asia","Kusatsu",135.9515,34.9783,"Kusatsu",140.774074334883,35.8428771021902
"526","BC-0345797185","South.America","Santiago",-70.576612,-33.611595,"Santiago",-69.7841720581055,-30.7304077148438
"527","BC-0345797317","South.America","Santiago",-70.599903,-33.454621,"Santiago",-69.9664764404297,-32.93701171875
"528","BC-0345797602","South.America","Santiago",-70.600321,-33.453816,"Santiago",-59.8439025878906,-22.6577014923096
"529","BC-0345799013","South.America","Santiago",-70.574456,-33.609106,"Santiago",-58.8052139282227,-32.0263938903809
"530","BC-0361054258","South.America","Santiago",-70.678957,-33.451535,"Santiago",-67.0706405639648,-32.0653190612793
"531","BC-0361054290","South.America","Santiago",-70.678919,-33.451445,"Santiago",-56.9834213256836,-28.285774230957
"532","BC-0247284139","North.America","Baltimore..MD",-76.624188,39.286184,"Baltimore..MD",-73.6611251831055,40.6180953979492
"533","BC-0247292798","North.America","Baltimore..MD",-76.624188,39.286184,"Frederick..MD",-75.9402428860364,37.2169017603988
"534","BC-0302384208","Europe","Berlin",13.410509,52.523761,"Berlin",14.3317708969116,52.870979309082
"535","BC-0302409392","Europe","Krakow",19.9496428,50.0681821,"Krakow",19.900318145752,50.7951316833496
"536","BC-0302410532","Europe","Krakow",19.947877,50.0685848,"Krakow",6.13872098922729,50.327709197998
"537","BC-0302410758","Europe","Krakow",19.9492923,50.0679798,"Krakow",-7.97818966310831,43.748337714201
"538","BC-0302410944","Europe","Krakow",19.9446875,50.0644778,"Krakow",11.2902116775513,50.5579795837402
"539","BC-0302411097","Europe","Krakow",19.9446875,50.0644778,"Krakow",15.5865068435669,50.504467010498
"540","BC-0302411302","Europe","Krakow",19.9468671,50.0688263,"Krakow",19.5742683410645,49.6164779663086
"541","BC-0302411344","Europe","Krakow",19.947877,50.0685848,"Krakow",20.4387817382812,51.3374099731445
"542","BC-0302412853","Europe","Krakow",19.9468671,50.0688263,"Krakow",23.7263126373291,50.4616546630859
"543","BC-0302412918","Europe","Krakow",19.947877,50.0685848,"Krakow",25.2299175262451,50.656852722168
"544","BC-0302413065","Europe","Krakow",19.9468671,50.0688263,"Krakow",37.0297164916992,49.4601821899414
"545","BC-0302413099","Europe","Krakow",19.947877,50.0685848,"Krakow",13.0690307617188,50.2396087646484
"546","BC-0302413101","Europe","Krakow",19.9492923,50.0679798,"Krakow",21.1915245056152,50.1001739501953
"547","BC-0302413570","North.America","Vancovuer",-123.252121,49.267078,"Vancovuer",-99.2815780639648,51.8674468994141
"548","BC-0302413911","Europe","Krakow",19.9456048,50.0646793,"Krakow",13.1416064795543,45.7366917994954
"549","BC-0302413943","Europe","Krakow",19.947877,50.0685848,"Krakow",22.9303512573242,48.0255088806152
"550","BC-0302413988","Europe","Krakow",19.947877,50.0685848,"Krakow",14.6059446334839,50.9185218811035
"551","BC-0302415036","North.America","Vancovuer",-123.252592,49.266874,"Vancovuer",-118.187934875488,48.8448257446289
"552","BC-0302417425","North.America","Vancovuer",-123.252078,49.267078,"Vancovuer",-108.125457763672,48.8969573974609
"553","BC-0302417550","North.America","Vancovuer",-123.25267,49.266886,"Vancovuer",-57.126920945857,51.4197040879296
"554","BC-0306555270","Europe","Berlin",13.411679,52.522955,"Berlin",12.4777097702026,52.5100440979004
"555","BC-0306555286","Europe","Berlin",13.410509,52.523761,"Berlin",10.8633394241333,50.8417282104492
"556","BC-0306555297","Europe","Berlin",13.411878,52.522847,"Berlin",13.2439270019531,52.4578056335449
"557","BC-0306557704","Europe","Berlin",13.411878,52.522847,"Berlin",12.9041433334351,51.8121337890625
"558","BC-0306557769","Europe","Berlin",13.412374,52.522583,"Berlin",12.5541067123413,52.3611450195312
"559","BC-0306557896","Europe","Berlin",13.411878,52.522847,"Berlin",14.5064239501953,52.2808837890625
"560","BC-0306557911","Europe","Berlin",13.411878,52.522847,"Kusatsu",-39.978665330554,-2.87305429444904
"561","BC-0306558353","Europe","Berlin",13.411679,52.522955,"Berlin",8.8170166015625,49.203067779541
"562","BC-0306558536","Europe","Berlin",13.412374,52.522583,"Berlin",13.3813743591309,52.3967819213867
"563","BC-0306558577","Europe","Berlin",13.412886,52.522351,"Berlin",12.5664939880371,51.9048881530762
"564","BC-0332570020","North.America","Baltimore..MD",-76.624188,39.286184,"Baltimore..MD",-75.05673,38.40412
"565","BC-0332570379","North.America","Frederick..MD",-77.410748,39.41424,"Frederick..MD",-71.945008714471,40.9300084498668
"566","BC-0332570979","South.America","Sao.Paulo",-46.638397,-23.565047,"Hong.Kong",79.5527954101562,14.7874593734741
"567","BC-0332571647","South.America","Sao.Paulo",-46.638397,-23.565047,"Sao.Paulo",-45.9340896606445,-20.8119277954102
"568","BC-0332571691","South.America","Sao.Paulo",-46.637337,-23.564985,"Sao.Paulo",-35.6369665186877,-9.64928150801781
"569","BC-0332572280","South.America","Sao.Paulo",-46.637337,-23.564985,"Sao.Paulo",-51.3299865722656,-24.9554958343506
"570","BC-0332572325","South.America","Sao.Paulo",-46.636231,-23.565243,"Sao.Paulo",-45.7380790710449,-22.6308097839355
"571","BC-0332572536","North.America","Baltimore..MD",-76.624188,39.286184,"Baltimore..MD",-75.7274910142908,35.5507502304443
"572","BC-0332572628","South.America","Sao.Paulo",-46.636231,-23.565243,"Sao.Paulo",-48.5539779663086,-21.4203472137451
"573","BC-0332572666","South.America","Sao.Paulo",-46.637337,-23.564985,"Sao.Paulo",-40.9447562322506,-21.9373169898378
"574","BC-0332572883","North.America","Seattle",-122.340075,47.6090383,"Seattle",-100.99267578125,44.4896812438965
"575","BC-0332573856","North.America","Seattle",-122.342262,47.6095331,"Seattle",-53.4765494451914,49.249138902374
"576","BC-0332574731","North.America","Seattle",-122.3435522,47.60974,"Seattle",-120.92212677002,47.5370712280273
"577","BC-0332574907","North.America","Seattle",-122.3363763,47.6104755,"Seattle",-100.452423095703,46.6453437805176
"578","BC-0332574930","North.America","Seattle",-122.3435522,47.60974,"Seattle",-106.315895080566,44.3840980529785
"579","BC-0332575209","North.America","Seattle",-122.342262,47.6095331,"Seattle",-110.911880493164,45.3721580505371
"580","BC-0332575232","North.America","Seattle",-122.3435522,47.60974,"Seattle",-121.074241638184,47.5883445739746
"581","BC-0332575258","South.America","Sao.Paulo",-46.637337,-23.564985,"Sao.Paulo",-52.648868560791,-21.6880588531494
"582","BC-0332607079","North.America","Frederick..MD",-77.410748,39.41424,"Frederick..MD",-75.05673,38.40412
"583","BC-0332607088","North.America","Frederick..MD",-77.412004,36.414969,"Frederick..MD",-75.3774607001618,38.0155093450374
"584","BC-0332613802","North.America","Frederick..MD",-77.412004,36.414969,"Frederick..MD",-74.1783866034773,39.7092560898359
"585","BC-0332613813","North.America","Frederick..MD",-77.410748,39.41424,"Frederick..MD",-75.05673,38.40412
"586","BC-0332613821","North.America","Frederick..MD",-77.412004,36.414969,"Frederick..MD",-74.1783866034773,39.7092560898359
"587","BC-0332613830","North.America","Frederick..MD",-77.412004,36.414969,"Frederick..MD",-75.9333343505859,43.9639930725098
"588","BC-0332614786","North.America","Frederick..MD",-77.412004,36.414969,"Frederick..MD",-53.0691582912184,46.6554987656449
"589","BC-0332634806","South.America","Sao.Paulo",-46.637738,-23.564566,"Sao.Paulo",-46.6608390808105,-22.0433521270752
"590","BC-0332767104","East.Asia","Daegu",128.593463,35.865491,"Daegu",118.828498840332,36.4213218688965
"591","BC-0332772999","East.Asia","Daegu",128.593463,35.865526,"Daegu",132.617672967662,35.4333930527094
"592","BC-0332773005","East.Asia","Daegu",128.593463,35.865491,"Daegu",129.468304478066,35.632140611304
"593","BC-0332773008","East.Asia","Daegu",128.593506,35.865491,"Daegu",127.638130187988,35.2612495422363
"594","BC-0332773014","East.Asia","Daegu",128.593463,35.865456,"Daegu",122.519994744966,36.9306143255018
"595","BC-0332773254","East.Asia","Daegu",128.593463,35.865491,"Daegu",120.620369093917,33.3767227239251
"596","BC-0332773387","East.Asia","Daegu",128.593463,35.865491,"Daegu",128.381988525391,36.1173553466797
"597","BC-0332773424","East.Asia","Daegu",128.593506,35.865491,"Daegu",128.658798217773,35.6088104248047
"598","BC-0332773896","East.Asia","Daegu",128.59342,35.865422,"Daegu",129.1328125,36.556640625
"599","BC-0332774208","East.Asia","Daegu",128.593463,35.865491,"Daegu",119.561744689941,35.5057067871094
"600","BC-0338278328","East.Asia","Hong.Kong",114.170662,22.315356,"Hong.Kong",116.334449768066,25.1628704071045
"601","BC-0338279183","East.Asia","Hong.Kong",114.170662,22.315356,"Hong.Kong",107.070640563965,27.4159317016602
"602","BC-0338279222","East.Asia","Hong.Kong",114.170631,22.315962,"Hong.Kong",95.3693522481124,15.7143899601826
"603","BC-0338300937","East.Asia","Hong.Kong",114.17085,22.313979,"Krakow",38.9634857177734,45.446647644043
"604","BC-0338302415","East.Asia","Hong.Kong",114.17085,22.313979,"Hong.Kong",116.148651123047,25.0076332092285
"605","BC-0338302463","East.Asia","Hong.Kong",114.17085,22.313979,"Hong.Kong",114.361946105957,22.8961811065674
"606","BC-0338302597","East.Asia","Hong.Kong",114.17085,22.313979,"Hong.Kong",109.335269810017,13.4260283472177
"607","BC-0338302635","East.Asia","Hong.Kong",114.170571,22.316071,"Baltimore..MD",-52.8821412827541,5.40985097902158
"608","BC-0338302642","East.Asia","Hong.Kong",114.170662,22.315356,"Hong.Kong",98.987663269043,24.1040096282959
"609","BC-0338302644","East.Asia","Hong.Kong",114.170571,22.316071,"Hong.Kong",114.152546828266,22.2237600773962
"610","BC-0338314950","Europe","London",-0.130252,51.425054,"London",-4.49155493815948,47.9549543320564
"611","BC-0338318897","Europe","London",-0.130734,51.425399,"London",-4.98436723471092,51.593466091511
"612","BC-0338318900","Europe","London",-0.130836,51.425677,"London",4.61520528793335,51.6325416564941
"613","BC-0338319012","Europe","London",-0.13048,51.4251,"London",-9.97708574059027,51.8204548203531
"614","BC-0338319048","Europe","London",-0.131261,51.426159,"London",0.381872445344925,51.4087409973145
"615","BC-0338319146","Europe","London",-0.131218,51.42643,"London",-2.41775679588318,51.3077354431152
"616","BC-0338319390","South.America","Buenos.Aires",-58.380841,-34.603567,"Buenos.Aires",-39.7608233302276,-19.5991134579274
"617","BC-0338336600","Europe","London",-0.13123,51.426292,"London",-5.26729570150893,51.9914004583746
"618","BC-0338339475","South.America","Buenos.Aires",-58.3826,-34.602639,"Buenos.Aires",-58.8934020996094,-30.9666213989258
"619","BC-0338339711","South.America","Buenos.Aires",-58.381822,-34.603544,"Buenos.Aires",-55.6875534057617,-30.20290184021
"620","BC-0345235145","East.Asia","Daegu",128.593463,35.865526,"Daegu",127.891891479492,36.5041656494141
"621","BC-0345235178","East.Asia","Daegu",128.59342,35.865491,"Daegu",129.40841149304,33.2960558131175
"622","BC-0345235181","East.Asia","Daegu",128.59342,35.865526,"Daegu",126.373919712429,34.9345604517959
"623","BC-0345271649","East.Asia","Daegu",128.593463,35.865491,"Daegu",129.298080444336,35.9474868774414
"624","BC-0345272101","East.Asia","Nonoichi",136.59799,36.541382,"Nonoichi",137.078735351562,35.7989540100098
"625","BC-0345272119","East.Asia","Nonoichi",136.598522,36.541166,"Nonoichi",132.156770868051,33.9049333765965
"626","BC-0345272391","East.Asia","Daegu",128.593506,35.865491,"Daegu",129.460449660358,36.7841891546028
"627","BC-0345278401","East.Asia","Nonoichi",136.598262,36.541213,"Nonoichi",137.587097167969,35.3094444274902
"628","BC-0345296697","East.Asia","Nonoichi",136.598728,36.54094,"Nonoichi",126.117397902532,36.7254847275193
"629","BC-0345297736","East.Asia","Nonoichi",136.598209,36.541133,"Nonoichi",136.201049804688,34.7351760864258
"630","BC-0345299303","East.Asia","Nonoichi",136.597564,36.54109,"Nonoichi",130.878450962447,34.23274282484
"631","BC-0345299506","East.Asia","Nonoichi",136.598443,36.541048,"Nonoichi",129.460449660358,36.7841891546028
"632","BC-0345300480","East.Asia","Nonoichi",136.598299,36.541092,"Nonoichi",128.099349975586,37.9541778564453
"633","BC-0345317899","Middle.East","Islamabad",73.03353,33.689198,"Islamabad",72.2138748168945,33.8917121887207
"634","BC-0345318355","Middle.East","Islamabad",73.031146,33.689845,"Buenos.Aires",-49.9365577697754,-29.4599094390869
"635","BC-0345318502","Middle.East","Islamabad",73.070758,33.627033,"Islamabad",57.0513076782227,37.7177314758301
"636","BC-0345318772","Middle.East","Tel.Aviv",34.79521,32.082265,"Tel.Aviv",28.7210884094238,38.5910186767578
"637","BC-0345602252","East.Asia","Sasebo",129.796654,33.091661,"Sasebo",130.686317987186,31.0295791692282
"638","BC-0345604096","East.Asia","Sasebo",129.796445,33.092135,"Sasebo",129.47688293457,33.2625732421875
"639","BC-0345651543","East.Asia","Sasebo",129.796724,33.091847,"Sasebo",131.832244873047,34.5453910827637
"640","BC-0345651818","East.Asia","Sasebo",129.796749,33.091654,"Sasebo",122.092113885589,29.8325204534031
"641","BC-0345651856","East.Asia","Sasebo",129.796678,33.091738,"Sasebo",130.353935174685,33.6041507024417
"642","BC-0345651950","East.Asia","Sasebo",129.796679,33.091557,"Sasebo",129.40841149304,33.2960558131175
"643","BC-0345651964","East.Asia","Sasebo",129.796712,33.091672,"London",2.35801219940186,48.3547477722168
"644","BC-0345654150","East.Asia","Sasebo",129.796737,33.091643,"Sasebo",120.620369093917,33.3767227239251
"645","BC-0345654285","East.Asia","Sasebo",129.796687,33.0917,"Sasebo",93.0021209716797,33.398265838623
"646","BC-0345685075","Europe","London",-0.131721,51.42609,"London",-2.09651803970337,51.237621307373
"647","BC-0345696152","Europe","London",-0.130357,51.425184,"London",-2.13142991065979,52.1341972351074
"648","BC-0345696173","Europe","London",-0.130227,51.425182,"London",-3.75495338439941,50.9281120300293
"649","BC-0345723609","East.Asia","Kusatsu",135.9515,34.9783,"Kusatsu",109.742408752441,33.0272178649902
"650","BC-0345723670","Europe","London",-0.131152,51.426211,"London",4.8945426940918,51.6397285461426
"651","BC-0345723673","Europe","London",-0.13051,51.425424,"London",-1.93349402506331,49.7763418646157
"652","BC-0345723696","East.Asia","Kusatsu",135.9515,34.9783,"Kusatsu",134.811340332031,35.2896003723145
"653","BC-0345724489","Europe","London",-0.131317,51.426419,"London",-3.61941432952881,50.9734649658203
"654","BC-0345724500","East.Asia","Kusatsu",135.9515,34.9783,"Kusatsu",138.67658996582,35.2918739318848
"655","BC-0345724542","East.Asia","Kusatsu",135.9515,34.9783,"Kusatsu",117.525199890137,34.9754180908203
"656","BC-0345731294","Europe","London",-0.13035,51.425296,"London",-2.46139049530029,51.3810844421387
"657","BC-0345731488","Europe","London",-0.130648,51.424816,"London",4.31498718261719,50.3712005615234
"658","BC-0345797641","South.America","Santiago",-70.600478,-33.453698,"Santiago",-67.9649429321289,-32.8104286193848
"659","BC-0345797815","South.America","Santiago",-70.599384,-33.519687,"Santiago",-68.9402389526367,-31.512659072876
"660","BC-0361053718","South.America","Santiago",-70.598901,-33.473652,"Santiago",-71.4384504869299,-32.4188994280308
"661","BC-0361053753","South.America","Santiago",-70.678895,-33.450879,"Santiago",-48.8884574041574,-28.6741150855679
"662","BC-0361057023","South.America","Santiago",-70.679205,-33.451675,"Santiago",-67.6647491455078,-33.725944519043
"663","BC-0361057038","South.America","Santiago",-70.576011,-33.609571,"Santiago",-62.2964286804199,-27.7525272369385
"664","BC-0361078892","South.America","Santiago",-70.607077,-33.454255,"Santiago",-48.8884574041574,-28.6741150855679
