ID_sequencing,ID_Environmental,Longitude,Latitude,Continent,Clay_silt,Soil_C,Soil_N,Soil_P,Soil_C_N_ratio,pH,Aridity_Index,MDR,MAXT,MINT,PSEA,Forest,Grassland,Shrubland,UV_Light,NPP2003_2015,Ecosystem_type,Low_pH_cluster,Drylands_cluster,High_pH_cluster,Dry_forest_cluster,Low_productivity_cluster
1,1,-54.683,-26.733,South_america,82,1.771,0.248,559.298,7.144,5.9,1.008,13,31.7,8.6,17,1,0,0,10.525,0.819972904,Temperate forests,-0.203028813,-0.692026887,-0.45704646,-0.519430642,-0.698867059
2,2,-148.250,64.800,North_America,80,3.217,0.156,911.506,20.597,5.12,0.549,11,21.6,-27,66,1,0,0,2.322,0.380480105,Boreal,0.279472989,-0.740383994,-0.730829038,-0.323655312,-0.730370296
3,3,-72.190,42.530,North_America,42,34.772,1.398,1269.108,24.881,4.04,1.228,12.2,26.3,-12.7,7,1,0,0,5.407,0.658017391,Cold forests,0.288032293,-0.765860883,-0.721771869,-0.671150579,-0.730370296
4,4,-96.570,39.090,North_America,35.8,5.931,0.585,763.273,10.142,8.13,0.756,12.7,32.3,-9.1,51,1,0,0,6.41,0.475787455,Temperate forests,-0.38762112,-0.586795524,0.216582823,-0.49210047,-0.686479648
5,5,-122.260,44.210,North_America,28.2,9.713,0.895,1702.348,10.85,5.46,1.764,13.1,27.6,-2,62,0,1,0,6.029,0.779492353,Grasslands,0.55337768,-0.703946517,-0.646650519,-0.164321411,-0.375899884
6,6,-155.260,19.810,North_America,4.6,10.647,0.65,2457.207,16.39,5.79,1.812,8.9,21.8,9,39,0,1,0,10.902,0.701963558,Grasslands,0.24686514,-0.715487294,-0.674332622,-0.49142852,-0.727090333
7,7,-105.370,39.990,North_America,53.2,19.257,0.992,926.275,19.405,5.16,0.428,16.3,26,-11.6,40,1,0,0,7.969,0.478159513,Cold forests,0.652452693,-0.728130633,-0.709505753,-0.422210943,-0.589405142
8,8,-83.500,35.000,North_America,6.2,4.374,0.223,434.225,19.587,5.81,1.86,12.2,25.1,-5.8,9,1,0,0,7.451,0.701130564,Temperate forests,0.215309134,-0.765860883,-0.742009285,-0.529157776,-0.730370296
9,9,-155.260,19.810,North_America,26.6,21.215,1.039,875.79,20.428,4.38,1.812,8.9,21.8,9,39,1,0,0,10.902,0.701963558,Temperate forests,0.253523729,-0.765860883,-0.712346617,-0.547169221,-0.730370296
10,10,-72.190,42.530,North_America,34.8,2.75,0.223,715.831,12.34,7.42,1.228,12.2,26.3,-12.7,7,0,1,0,5.407,0.658017391,Cold grasslands,-0.233004876,-0.569936753,-0.162243061,-0.53519402,-0.614632761
11,11,-83.500,35.000,North_America,36.2,5.308,0.31,530.809,17.125,4.63,1.86,12.2,25.1,-5.8,9,0,1,0,7.451,0.701130564,Grasslands,0.417952091,-0.70685037,-0.705552378,-0.451223572,-0.681367081
12,12,-71.750,43.940,North_America,20.6,3.729,0.481,705.448,7.757,5,1.386,12.1,24.7,-15.4,13,0,1,0,5.218,0.636037907,Cold grasslands,0.482543185,-0.755008418,-0.715338746,-0.608626361,-0.694516167
13,13,-71.750,43.940,North_America,6.8,6.458,1.474,921.441,4.383,4.18,1.386,12.1,24.7,0,13,1,0,0,5.218,0.636037907,Cold forests,0.135670948,-0.763692061,-0.724420047,-0.652336551,-0.730370296
14,14,-85.400,42.400,North_America,61.8,1.642,0.342,695.064,4.803,6.31,0.92,11.3,28.8,-9.8,24,0,1,0,5.542,0.511271035,Cold grasslands,0.193618005,-0.564107142,-0.505443071,-0.432542084,-0.675436301
15,15,-147.840,64.850,North_America,76,2.087,0.127,644.132,16.422,5.56,0.546,11.1,22.5,-27.1,53,0,1,0,2.369,0.321424953,Boreal,0.236686927,-0.763692061,-0.70289726,-0.508307385,-0.318713877
16,16,-85.400,42.400,North_America,40.8,1.953,0.179,511.743,10.903,5.84,0.92,11.3,28.8,-9.8,24,1,0,0,5.542,0.511271035,Cold forests,0.430650987,-0.685916707,-0.556017248,-0.479031762,-0.681950345
17,17,-105.370,39.990,North_America,38,4.89,0.442,731.496,11.074,5.21,0.428,16.3,26,-11.6,40,0,1,0,7.969,0.478159513,Cold grasslands,0.154622278,-0.73252409,-0.7350661,-0.611196286,-0.589630529
18,18,-65.800,18.300,North_America,73.4,3.9,0.382,473.79,10.207,5.13,2.184,8.7,26.4,14,25,0,1,0,11.258,0.717459314,Grasslands,-0.182725124,-0.737257918,-0.702450569,-0.620481722,-0.730370296
19,19,-96.570,39.090,North_America,81.6,2.966,0.312,495.541,9.5,7.13,0.756,12.7,32.3,-9.1,51,0,1,0,6.41,0.475787455,Grasslands,-0.123481577,-0.499323302,-0.054279918,-0.385091454,-0.376252456
20,20,-93.200,45.400,North_America,29,0.897,0.065,373.178,13.708,4.87,0.835,11.6,28.1,-17.5,51,1,0,0,5.041,0.443307162,Cold forests,0.429636941,-0.732789235,-0.711057327,-0.593072394,-0.717722597
21,21,-93.200,45.400,North_America,8.6,0.607,0.06,318.485,10.102,4.86,0.835,11.6,28.1,-17.5,51,0,1,0,5.041,0.443307162,Cold grasslands,0.398666895,-0.695490679,-0.581095525,0.207417503,-0.454500092
22,22,-147.840,64.850,North_America,76.2,0.83,0.052,488.112,16.012,5.8,0.546,11.1,22.5,-27.1,53,1,0,0,2.369,0.321424953,Boreal,0.47101056,-0.674405941,-0.493862734,-0.463853753,-0.044981182
23,23,-65.800,18.300,North_America,76,5.335,0.385,259.228,13.859,4.97,2.184,8.7,26.4,14,25,1,0,0,11.258,0.717459314,Tropical forests,0.358520849,-0.748521097,-0.726885461,-0.577514222,-0.730370296
24,24,-79.083,35.967,North_America,43,4.979,0.074,560.438,67.519,5.37,0.914,13.2,31.5,-2.6,11,1,0,0,6.886,0.638289994,Temperate forests,-0.0681722,-0.472273417,-0.12657485,-0.424610159,-0.312884386
25,25,30.716,-29.812,Africa,50,5.001,0.336,347.846,14.884,5.2,0.732,10.9,26,7.3,55,0,1,0,9.783,0.589178231,Grasslands,0.380881911,-0.665920066,-0.730389005,-0.266224072,-0.609728037
26,26,151.140,-27.735,Australia,16.5,1.475,0.111,75.101,13.288,4.9,0.434,14.3,31.5,3.7,36,0,1,0,9.95,0.474197314,Grasslands,0.960294867,-0.708540949,-0.712075801,-0.221453965,-0.650958984
27,27,117.611,-31.782,Australia,20,1.397,0.081,138.207,17.248,5.1,0.219,13.9,33.4,4.9,55,1,0,0,8.999,0.29044541,Dry forests,0.538522212,-0.186109177,-0.651594141,0.306888377,-0.337181755
28,28,30.292,-29.284,Africa,58,22.38,1.263,909.357,17.72,5.2,0.78,12.3,22.3,0.3,67,0,1,0,10.233,0.60525441,Grasslands,0.476353132,-0.597008195,-0.730750961,-0.067376241,-0.675379489
29,29,30.400,-29.670,Africa,82.4,5.958,0.322,423.573,18.502,5.6,0.632,12.8,26.8,5.1,62,0,1,0,9.966,0.585518917,Grasslands,0.514837868,-0.632216441,-0.570035824,-0.48826121,-0.594935234
30,30,-86.702,36.872,North_America,71,1.608,0.13,426.527,12.373,5.4,1.054,12.6,31.4,-4.9,14,0,1,0,6.766,0.564117686,Grasslands,0.266866443,-0.60551,-0.611038102,-0.440577481,-0.655201837
31,31,-101.630,41.200,North_America,39.5,1.675,0.099,291.632,16.921,6.6,0.403,15,31.7,-11.8,60,0,1,0,6.641,0.339228787,Dry grasslands,-0.108905388,-0.502575991,-0.073466187,0.211606575,0.270135214
32,32,10.372,46.631,Europe,42.45,3.132,0.426,670.538,7.353,5.4,2.439,5.9,11.6,-9.6,29,0,1,0,6.008,0.242544889,Cold grasslands,0.325603981,-0.576221673,-0.41691188,-0.527538779,-0.470888607
33,33,-96.583,39.071,North_America,92,3.344,0.242,446.667,13.811,5.6,0.761,12.6,32.1,-9,50,0,1,0,6.41,0.475787455,Grasslands,-0.081492177,-0.074882225,-0.180373064,-0.103224559,0.118685098
34,34,-123.380,48.460,North_America,64.7,5.524,0.374,1007.284,14.77,5.8,1.074,7.4,20.3,1.8,64,0,1,0,4.324,0.585039006,Grasslands,0.25272242,-0.545289323,-0.464269564,-0.481897014,-0.553894643
35,35,-120.240,39.430,North_America,49.3,4.267,0.997,567.867,4.28,6.1,0.858,16.1,25.9,-9.5,69,0,1,0,7.556,0.472481173,Grasslands,-0.254966928,-0.60247865,-0.427035333,-0.575424026,-0.537228677
36,36,-121.968,44.277,North_America,44,21.535,0.633,4111.04,34.021,5.4,1.935,12.2,23.8,-6.3,65,0,1,0,6.044,0.443837079,Grasslands,0.88565865,-0.637271753,-0.636060948,-0.088318561,-0.526779698
37,37,-93.385,41.785,North_America,12,1.041,0.066,265.494,15.775,5.6,0.849,11.8,29.6,-13.1,46,0,1,0,5.773,0.419634634,Cold grasslands,0.166791597,-0.462611323,-0.578459312,-0.428159101,-0.476456389
38,38,-96.880,31.480,North_America,80.2,4.189,0.27,585.501,15.515,7.5,0.606,12.6,35.6,2,26,0,1,0,8.136,0.496607955,Grasslands,-0.389582883,-0.549565204,0.130223245,-0.503977952,-0.472986293
39,39,-95.540,40.150,North_America,75.7,3.889,0.26,743.849,14.957,6.5,0.764,12.9,31.9,-10.6,48,0,1,0,6.139,0.428164833,Cold grasslands,-0.270339882,-0.343601988,-0.067821869,-0.44157556,-0.432784532
40,40,-96.520,40.160,North_America,67.7,3.177,0.22,354.559,14.44,7.6,0.714,13.1,31.9,-10.6,51,0,1,0,6.18,0.445982282,Cold grasslands,0.224750136,-0.420352893,-0.407945533,-0.265573054,-0.136043924
41,41,-96.810,40.870,North_America,63.5,4.423,0.25,476.564,17.691,7.2,0.679,12.5,31.5,-11.2,53,0,1,0,6.112,0.400580476,Cold grasslands,0.003306297,-0.352107718,-0.292041467,-0.230408624,-0.550544796
42,42,-97.110,41.610,North_America,80.1,5.001,0.35,879.281,14.289,6.1,0.669,13,31.1,-12.5,54,0,1,0,5.945,0.412416772,Cold grasslands,-0.042054384,-0.573451997,-0.272285945,-0.417891374,-0.510534947
43,43,-95.580,42.880,North_America,76.2,6.392,0.44,805.791,14.526,6.7,0.729,12.6,29.6,-15.1,54,0,1,0,5.689,0.414233886,Cold grasslands,-0.298470585,-0.436077406,0.067818061,-0.463819252,-0.54828574
44,44,-93.660,43.510,North_America,38.3,5.301,0.33,540.566,16.065,6.3,0.846,11.5,28.3,-15.8,53,0,1,0,5.37,0.369589224,Cold grasslands,-0.284573209,-0.566091373,0.105583836,-0.471470681,-0.566678185
45,45,-96.970,43.550,North_America,57.2,4.979,0.42,822.978,11.854,7.1,0.636,12.8,29.6,-16.2,52,0,1,0,5.527,0.387911407,Cold grasslands,-0.375265908,-0.490931641,0.203369838,-0.604576402,-0.561621523
46,46,-96.780,44.040,North_America,61.3,4.423,0.4,704.374,11.057,6.4,0.627,12.7,28.9,-17.4,57,0,1,0,5.407,0.390687521,Cold grasslands,-0.161715883,-0.424831069,-0.165430134,-0.553484417,-0.57174459
47,47,-96.710,44.260,North_America,74,8.071,0.71,1083.28,11.368,7.9,0.617,12.6,28.7,-17.9,60,0,1,0,5.407,0.380996463,Cold grasslands,-0.529480473,-0.683151829,-0.054864167,-0.588180564,-0.710793854
48,48,-96.430,47.050,North_America,25.1,5.02,0.43,603.716,11.674,7.1,0.648,12.3,28.1,-21,57,0,1,0,4.722,0.359469053,Cold grasslands,-0.269602568,-0.592637931,0.016748946,-0.450886247,-0.34563214
49,49,-96.600,39.100,North_America,78,0.952,0.45,354.38,2.116,6.37,0.74,12.9,32.6,-8.9,51,0,1,0,6.41,0.460417974,Grasslands,-0.55957632,0.455430315,0.295291858,-0.403811992,0.478744749
50,50,-79.744,9.157,North_America,28.9,2.12,0.189,258.333,11.222,4.36,1.736,7,31.6,22.1,59,1,0,0,12.978,0.630087718,Tropical forests,-0.006134786,-0.757192789,-0.739079539,-0.399760241,-0.730370296
51,51,-79.743,9.161,North_America,42.8,2.165,0.189,174.818,11.425,4.51,1.775,7,31.6,22,59,1,0,0,12.978,0.630087718,Tropical forests,0.089961966,-0.761544225,-0.748388407,-0.384859935,-0.730370296
52,52,-79.772,9.158,North_America,57,4.679,0.371,195.316,12.61,5,1.797,7,31.3,21.8,58,1,0,0,12.978,0.630087718,Tropical forests,0.079614136,-0.748377722,-0.736449983,-0.461285577,-0.730370296
53,53,-71.233,-12.633,South_america,65,5.691,0.286,522.842,19.864,4.12,1.842,10.6,31.1,17.7,41,1,0,0,13.825,0.738406135,Tropical forests,0.272290162,-0.758362752,-0.704153956,-0.627338367,-0.38682435
54,54,-79.855,9.151,North_America,65,5.657,0.584,911.774,9.687,5.88,1.886,6.8,31,21.8,57,1,0,0,12.978,0.565379372,Tropical forests,-0.23928912,-0.728155886,-0.473449165,-0.557848019,-0.715663645
55,55,-111.004,45.574,North_America,50,8.349,0.467,1190.427,17.888,7,0.767,14.3,23.8,-13.7,25,1,0,0,6.588,0.485680506,Cold forests,-0.339293211,-0.563347817,-0.067377099,-0.503660139,-0.637790951
56,56,-111.004,45.574,North_America,50,9.095,0.718,1449.028,12.67,6.5,0.767,14.3,23.8,-13.7,25,1,0,0,6.588,0.485680506,Cold forests,-0.320390019,-0.590759541,-0.060748547,-0.570202181,-0.592529193
57,57,-111.004,45.574,North_America,25,9.295,0.371,316.182,25.079,4.9,0.767,14.3,23.8,-13.7,25,1,0,0,6.588,0.485680506,Cold forests,0.442863401,-0.709723441,-0.713829835,-0.582744638,-0.493258887
58,58,-111.004,45.574,North_America,25,3.299,0.098,203.294,33.671,4.9,0.767,14.3,23.8,-13.7,25,1,0,0,6.588,0.485680506,Cold forests,0.754802645,-0.755455172,-0.698074022,-0.603749264,-0.098947927
59,59,-111.004,45.574,North_America,25,2.643,0.129,646.087,20.514,5.9,0.767,14.3,23.8,-13.7,25,1,0,0,6.588,0.485680506,Cold forests,0.270510807,-0.546480559,-0.430749746,-0.434514397,-0.262602774
60,60,-111.004,45.574,North_America,20,2.61,0.402,875.475,6.492,7.1,0.767,14.3,23.8,-13.7,25,1,0,0,6.588,0.485680506,Cold forests,-0.360603054,-0.49301941,0.375203662,-0.488803479,-0.300488965
61,61,-111.004,45.574,North_America,5,10.674,1.012,1229.126,10.547,6.6,0.767,14.3,23.8,-13.7,25,1,0,0,6.588,0.485680506,Cold forests,-0.138162079,-0.69361871,-0.381513048,-0.578645921,-0.717722597
62,62,-111.004,45.574,North_America,50,2.242,0.121,264.132,18.488,5,0.767,14.3,23.8,-13.7,25,1,0,0,6.588,0.485680506,Cold forests,0.870720423,-0.648918228,-0.619853269,-0.487737157,-0.153024405
63,63,-111.004,45.574,North_America,50,4.556,0.313,826.644,14.557,5.9,0.767,14.3,23.8,-13.7,25,1,0,0,6.588,0.485680506,Cold forests,0.137232709,-0.537532427,-0.330012327,-0.491101239,0.042047375
64,64,-111.004,45.574,North_America,50,7.37,0.246,618.505,29.974,5.5,0.767,14.3,23.8,-13.7,25,1,0,0,6.588,0.485680506,Cold forests,0.447001363,-0.743041477,-0.67134972,-0.624300761,-0.565796501
65,65,-106.733,34.333,North_America,22,2.131,0.129,303.247,16.52,8.31,0.169,19.1,33.5,-7.2,64,0,0,1,9.072,0.17508609,Dry grasslands,0.610496277,-0.66609727,-0.619439378,-0.583035532,-0.661717188
66,66,-96.570,44.800,North_America,42,5.079,0.568,723.73,8.935,6.7,0.649,12.4,29,-17.3,54,0,1,0,5.286,0.396895883,Cold grasslands,-0.214696037,-0.563667633,-0.137245589,-0.422929392,-0.503775217
67,67,-149.583,68.633,North_America,57,2.61,0.178,702.757,14.653,4.58,0.61,11.5,16.6,-35.2,64,0,1,0,2.149,0.198092001,Cold grasslands,0.746800088,-0.741250476,-0.700416349,-0.604762737,-0.522120626
68,68,-79.745,9.162,North_America,57.9,2.454,0.242,371.129,10.157,5.36,1.775,7,31.6,22,59,1,0,0,12.978,0.630087718,Tropical forests,-0.004717801,-0.691819371,-0.654501308,-0.500352209,-0.690859516
69,69,146.212,-34.712,Australia,37.768,3.798,0.246,369.663,15.458,7.92,0.313,13.2,32.4,3.4,12,1,0,0,8.068,0.402422846,Dry forests,-0.487837474,0.508364294,0.498711143,-0.018399911,0.516407268
70,70,146.197,-34.713,Australia,45.42,5.557,0.166,638.981,33.478,7.36,0.311,13.2,32.4,3.4,12,1,0,0,8.068,0.367671173,Dry forests,-0.313139355,0.711769556,0.230029824,0.490893729,0.106912776
71,71,145.759,-33.358,Australia,42.297,2.272,0.145,478.88,15.69,7.37,0.268,13.3,32.9,3.5,14,1,0,0,8.397,0.38836566,Dry forests,0.295759468,0.832831742,-0.050115591,1.230339103,0.433747901
72,72,144.525,-35.344,Australia,41.691,8.071,0.125,451.59,64.466,6.02,0.288,13.2,31.8,3.7,17,1,0,0,7.801,0.463925782,Dry forests,0.959301498,1.45809582,-0.229637965,1.36813489,0.114185922
73,73,145.786,-34.521,Australia,39.695,6.425,0.309,555.633,20.813,6.77,0.293,13.4,32.4,3.4,18,1,0,0,8.016,0.42766,Dry forests,-0.071353966,0.947105212,0.382855504,1.029034767,0.032389615
74,74,146.347,-34.651,Australia,45.314,7.148,0.145,616.882,49.228,7.22,0.327,13.1,32.3,3.3,13,1,0,0,8.068,0.481390013,Dry forests,-0.400825151,1.230021227,0.387837207,0.635745073,-0.130618766
75,75,144.816,-35.410,Australia,38.314,3.393,0.219,397.755,15.487,7.09,0.283,13.2,31.7,3.6,15,1,0,0,7.801,0.424682006,Dry forests,-0.104056677,0.961647741,0.246616006,1.23511556,0.433100899
76,76,144.833,-35.413,Australia,61.958,8.405,0.288,543.117,29.174,7.11,0.284,13.2,31.8,3.6,15,1,0,0,7.801,0.424682006,Dry forests,-0.295233549,1.235670245,0.23212588,0.669795966,-0.187501366
77,77,146.187,-34.530,Australia,43.992,2.944,0.205,499.594,14.395,7.16,0.313,13.3,32.4,3.3,17,1,0,0,8.068,0.430082737,Dry forests,0.650577369,0.963069184,-0.46578916,2.423661909,-0.120339545
78,78,144.878,-35.504,Australia,38.358,5.835,0.175,667.091,33.441,8.23,0.295,13.2,31.6,3.7,15,1,0,0,7.702,0.392100788,Dry forests,-0.205296255,0.947974935,0.221739034,0.855776916,0.27792049
79,79,144.827,-35.494,Australia,35.714,5.457,0.314,747.524,17.402,7.88,0.29,13.2,31.6,3.7,15,1,0,0,7.801,0.424682006,Dry forests,0.305152402,0.729075459,0.091269666,1.560845183,0.484527503
80,80,144.819,-35.490,Australia,27.548,9.751,0.415,940.107,23.519,6.98,0.29,13.2,31.7,3.6,15,1,0,0,7.801,0.424682006,Dry forests,-0.122042829,0.958029688,0.240303466,0.952621669,0.287121674
81,81,145.582,-33.457,Australia,65.117,2.672,0.155,291.562,17.252,8.27,0.269,13.1,32.6,3.5,15,1,0,0,8.397,0.391823167,Dry forests,-0.344711081,0.819132474,0.227928977,0.50671421,0.073094379
82,82,145.596,-33.456,Australia,47.162,1.943,0.186,394.13,10.438,9.21,0.269,13.1,32.6,3.4,14,1,0,0,8.397,0.391823167,Dry forests,-0.512888139,0.873752654,0.602129221,0.230647762,0.099551387
83,83,146.386,-34.558,Australia,76,6.87,0.135,756.415,50.888,7.77,0.323,13.2,32.4,3.3,13,1,0,0,8.068,0.456556551,Dry forests,-0.045819098,0.593957538,0.099815746,1.003601725,0.24197304
84,84,145.758,-33.351,Australia,79.2,3.967,0.144,512.201,27.549,8.04,0.268,13.3,32.9,3.5,14,1,0,0,8.397,0.38836566,Dry forests,-0.241101603,1.251259797,0.240570454,0.612411655,-0.102648635
85,85,145.559,-33.475,Australia,79.2,2.681,0.174,236.999,15.409,8.84,0.268,13.1,32.6,3.4,15,1,0,0,8.397,0.391823167,Dry forests,-0.348628945,1.45973955,0.520849578,0.878811289,0.329269086
86,86,145.748,-33.346,Australia,51.657,2.962,0.136,448.766,21.728,8.33,0.267,13.3,32.9,3.5,15,1,0,0,8.397,0.38836566,Dry forests,-0.366419352,0.843458846,0.550521862,0.454622364,-0.24298163
87,87,145.252,-31.865,Australia,67.395,1.747,0.114,284.238,15.337,7.6,0.225,13.3,33.8,4.5,23,1,0,0,8.816,0.351216532,Dry forests,0.212183061,1.068973348,-0.03040443,1.205923056,0.669686213
88,88,145.262,-31.845,Australia,77.635,2.187,0.117,246.618,18.663,6.53,0.224,13.3,33.9,4.4,23,1,0,0,8.816,0.351216532,Dry forests,0.357726812,0.713527801,-0.325802698,1.216621175,0.369209181
89,89,145.592,-32.634,Australia,84.647,1.222,0.14,108.653,8.752,7.89,0.267,13.3,33,3.7,19,1,0,0,8.575,0.391469833,Dry forests,0.111138729,0.46439054,0.086436732,1.151582926,0.658266702
90,90,145.613,-32.640,Australia,76.71,2.512,0.112,277.625,22.41,7.89,0.272,13.3,32.9,3.7,19,1,0,0,8.575,0.382889192,Dry forests,-0.013658255,0.819459414,0.192732063,0.864105395,0.531145897
91,91,145.766,-33.990,Australia,57.631,2.459,0.152,234.102,16.155,6.44,0.286,13.3,32.6,3.3,13,1,0,0,8.261,0.332364372,Dry forests,-0.07913318,0.638968868,0.066766344,1.272931587,0.763426172
92,92,145.775,-33.985,Australia,74.457,3.398,0.115,333.719,29.518,6.47,0.286,13.3,32.6,3.3,13,1,0,0,8.261,0.332364372,Dry forests,0.044469714,1.010861583,0.098251431,1.126194747,0.398564506
93,93,145.698,-33.994,Australia,66.917,2.152,0.139,182.472,15.514,6.11,0.284,13.3,32.5,3.3,14,1,0,0,8.261,0.328250712,Dry forests,0.107094041,0.569527337,0.022415418,1.087592124,1.04034658
94,94,145.632,-33.797,Australia,62.737,1.653,0.106,100.582,15.539,6.33,0.273,13.3,32.6,3.4,15,1,0,0,8.261,0.318786763,Dry forests,0.389174119,0.724421582,-0.185511734,1.210209601,0.529112325
95,95,145.638,-33.794,Australia,74.958,2.027,0.104,169.209,19.473,5.98,0.277,13.2,32.6,3.4,14,1,0,0,8.261,0.318786763,Dry forests,0.439697294,1.230957174,-0.352968105,1.403594085,0.238645545
96,96,146.482,-34.798,Australia,73.102,1.898,0.159,180.286,11.968,5.76,0.337,13.1,32.3,3.3,15,1,0,0,8.068,0.455572391,Dry forests,0.698023072,0.608700468,-0.402759372,1.357856314,0.562630342
97,97,146.491,-34.825,Australia,71.236,2.076,0.147,150.044,14.162,6.01,0.352,13.1,32.2,3.1,15,1,0,0,8.068,0.410902571,Dry forests,0.265461709,0.064682536,-0.100661513,0.644018947,0.70550371
98,98,145.992,-34.762,Australia,85.524,1.836,0.092,206.866,20.02,6.02,0.294,13.4,32.5,3.4,14,1,0,0,8.016,0.424303455,Dry forests,0.301168142,1.367052777,-0.156323481,1.390933346,0.4133503
99,99,145.906,-34.748,Australia,79.085,1.538,0.15,324.191,10.279,5.78,0.293,13.3,32.5,3.4,16,1,0,0,8.016,0.424303455,Dry forests,0.561462719,0.789388505,-0.322650105,1.328324399,0.248702168
100,100,146.466,-34.812,Australia,77.428,2.534,0.094,246.727,26.961,5.89,0.338,13.1,32.4,3.3,15,1,0,0,8.068,0.410902571,Dry forests,0.763398207,0.731439438,-0.397794177,1.599246222,0.098651447
101,101,145.588,-33.842,Australia,61.8,2.232,0.179,288.793,12.468,6.5,0.275,13.3,32.6,3.4,14,1,0,0,8.261,0.326156019,Dry forests,0.185967301,0.377559787,-0.113673259,1.71202205,1.036524705
102,102,145.884,-34.797,Australia,27.6,3.193,0.172,276.259,18.563,5.86,0.293,13.4,32.5,3.4,17,1,0,0,8.016,0.418196077,Dry forests,0.642278207,0.535616955,-0.289935807,1.455140428,0.086585752
103,103,145.680,-32.626,Australia,22.3,3.331,0.187,198.796,17.812,7.75,0.265,13.3,33.1,3.8,19,1,0,0,8.575,0.382889192,Dry forests,-0.078057825,1.287815637,0.058977465,1.060647345,0.130644277
104,104,145.264,-31.876,Australia,37.1,2.743,0.115,112.478,23.853,7.36,0.229,13.3,33.8,4.3,22,1,0,0,8.816,0.351216532,Dry forests,0.192484322,0.870757949,-0.123788724,1.373547022,0.262852968
105,105,145.976,-34.554,Australia,23.468,4.801,0.266,641.513,18.055,6,0.294,13.3,32.4,3.3,15,1,0,0,8.016,0.462033032,Dry forests,0.777387343,0.929044431,-0.168406654,1.507330431,0.127661298
106,106,145.965,-34.557,Australia,39.947,3.967,0.266,459.278,14.895,6.06,0.294,13.3,32.4,3.3,15,1,0,0,8.016,0.462033032,Dry forests,0.493943411,0.428291591,-0.048230805,1.223659618,-0.145629625
107,107,145.829,-34.557,Australia,28.631,7.393,0.374,752.206,19.772,5.66,0.297,13.3,32.4,3.3,17,1,0,0,8.016,0.448531141,Dry forests,1.179819395,0.767896899,-0.380563438,1.013742683,-0.370723799
108,108,145.788,-34.566,Australia,24.906,6.392,0.399,856.25,16.039,5.84,0.295,13.4,32.4,3.4,18,1,0,0,8.016,0.42766,Dry forests,1.171797554,1.274793302,-0.398026606,1.705477405,-0.285898673
109,109,145.780,-34.538,Australia,23.61,10.418,0.35,722.711,29.775,5.85,0.297,13.4,32.4,3.4,17,1,0,0,8.016,0.42766,Dry forests,1.38109678,0.802916245,-0.387499889,0.873001876,-0.412176857
110,110,145.891,-35.935,Australia,20.612,7.137,0.316,754.447,22.585,7.05,0.386,12.9,31.3,3.4,16,1,0,0,7.754,0.501150833,Temperate forests,1.462995552,-0.291704371,-0.607619843,0.606760066,-0.642005115
111,111,145.879,-35.951,Australia,22.381,8.583,0.428,783.232,20.063,5.58,0.387,12.9,31.3,3.4,17,1,0,0,7.754,0.501150833,Temperate forests,1.172834433,-0.13661667,-0.537699631,0.644169879,-0.327263848
112,112,145.748,-35.953,Australia,24.476,6.091,0.299,853.335,20.345,6.48,0.379,12.9,31.2,3.4,16,1,0,0,7.754,0.519245891,Temperate forests,1.804485365,0.396221721,-0.597235553,1.674010904,-0.279336839
113,113,145.686,-35.923,Australia,31.67,6.436,0.33,623.878,19.503,5.15,0.378,13,31.2,3.4,17,1,0,0,7.754,0.562123808,Temperate forests,1.390862048,0.037601957,-0.636885292,0.732866163,-0.492064106
114,114,145.649,-35.885,Australia,20.62,8.661,0.348,841.548,24.887,5.31,0.371,13,31.3,3.3,17,1,0,0,7.754,0.476544545,Temperate forests,1.215906667,-0.013056031,-0.579634472,0.866336745,-0.587522396
115,115,145.602,-35.864,Australia,23.303,6.28,0.349,750.803,17.995,5.58,0.365,13.1,31.4,3.3,17,1,0,0,7.754,0.476544545,Temperate forests,1.07089618,-0.077514642,-0.482702003,0.677837486,-0.591358729
116,116,144.615,-35.358,Australia,33.464,4.234,0.202,508.066,20.969,6.77,0.285,13.2,31.8,3.7,16,1,0,0,7.801,0.393615013,Dry forests,1.549553545,0.246267464,-0.690133506,1.000364484,-0.508426359
117,117,144.581,-35.351,Australia,33.429,5.58,0.218,365.673,25.629,5.36,0.288,13.2,31.8,3.7,16,1,0,0,7.801,0.463925782,Dry forests,1.536622909,0.273063344,-0.538051557,0.853869766,-0.543517453
118,118,144.574,-35.329,Australia,31.274,6.67,0.262,636.467,25.447,7.05,0.286,13.2,31.7,3.7,16,1,0,0,7.801,0.463925782,Dry forests,1.529797633,1.36363981,-0.63125028,1.123834552,-0.289384863
119,119,144.647,-35.351,Australia,39.006,4.423,0.229,460.134,19.355,6.47,0.279,13.2,31.8,3.7,16,1,0,0,7.801,0.393615013,Dry forests,1.675304152,0.306830806,-0.674907236,1.11014156,-0.530633087
120,120,145.706,-34.524,Australia,89.9,2.32,0.358,381.195,6.481,6.14,0.299,13.4,32.4,3.4,18,1,0,0,8.016,0.42766,Dry forests,0.50068907,0.494486136,-0.149569369,1.039879263,0.151385735
121,121,144.535,-35.386,Australia,76.2,7.348,0.219,1015.002,33.553,7.85,0.291,13.2,31.6,3.7,17,1,0,0,7.801,0.463925782,Dry forests,0.349532336,1.432574122,-0.215408648,1.754272815,-0.226207998
122,122,144.527,-35.352,Australia,87.4,5.535,0.313,536.158,17.684,7.11,0.288,13.2,31.8,3.7,17,1,0,0,7.801,0.463925782,Dry forests,0.953484162,1.50500231,-0.411039798,1.268538293,-0.085890577
123,123,-2.285,52.049,Europe,70,6.18,0.404,868.929,15.3,5.68,0.993,7.3,20.7,1.1,12,0,1,0,3.618,0.664889962,Grasslands,0.133550566,-0.631518627,-0.476961186,-0.578537425,-0.590851018
124,124,-2.067,52.171,Europe,70,7.437,0.34,1274.008,21.895,6.34,0.941,7.4,20.8,0.8,12,0,1,0,3.618,0.643917731,Grasslands,-0.18782985,-0.625099784,-0.255115117,-0.58196877,-0.681116525
125,125,-2.079,52.243,Europe,70,7.771,0.329,863.045,23.593,6.5,0.972,7.4,20.5,0.6,11,0,1,0,3.618,0.676675788,Grasslands,-0.378608686,-0.699802992,-0.213879921,-0.630099757,-0.70824758
126,126,-2.008,52.250,Europe,70,7.882,0.395,837.23,19.943,6.86,0.966,7.4,20.6,0.6,12,0,1,0,3.618,0.676675788,Grasslands,-0.417237218,-0.629563901,-0.008863684,-0.587552593,-0.64929933
127,127,-2.033,52.282,Europe,70,6.603,0.384,995.873,17.215,6.03,0.99,7.4,20.4,0.5,11,0,1,0,3.618,0.676675788,Grasslands,-0.187152823,-0.588113538,-0.342697121,-0.648711772,-0.618411049
138,128,-2.900,51.066,Europe,70,4.044,0.613,698.572,6.593,5.55,1.262,6.9,20.8,1.1,18,0,1,0,3.78,0.696133814,Grasslands,0.05153641,-0.607935315,-0.604505367,-0.590700035,-0.605506829
145,129,-2.341,54.168,Europe,85,8.111,0.743,1220.558,10.917,6.71,2.215,7,18.3,-1,23,0,1,0,3.367,0.60396731,Grasslands,-0.410598966,-0.734135365,-0.175219153,-0.579138137,-0.730370296
149,130,-3.876,50.809,Europe,80,4.679,0.257,1313.232,18.221,4.74,1.791,6.1,19.7,1.6,25,0,1,0,3.859,0.729346077,Grasslands,0.022453046,-0.695071681,-0.714995415,-0.606293407,-0.664002148
151,131,-4.428,50.835,Europe,85,4.356,0.188,1406.946,23.196,5.18,1.692,5.7,19.5,2.4,25,0,1,0,3.838,0.763239673,Grasslands,-0.212512201,-0.751410011,-0.686133752,-0.657223087,-0.681428403
160,132,0.819,52.440,Europe,30,9.09,0.283,1805.822,32.118,4.72,0.922,7.1,20.6,-0.3,11,0,1,0,3.556,0.610175538,Grasslands,0.34778985,-0.751546627,-0.734968736,-0.597838079,-0.730370296
165,133,-2.004,51.814,Europe,70,2.943,0.442,1375.246,6.657,7.62,1.147,7.4,20,-0.3,13,0,1,0,3.702,0.64285784,Grasslands,-0.43564013,-0.684484389,-0.11351706,-0.67370058,-0.697227588
172,134,-69.676,-41.808,South_america,9.504,0.697,0.057,987.911,12.228,6.759,0.215,13.7,22.8,-4.5,51,0,1,0,7.488,0.159943776,Grasslands,-0.162159148,-0.083855096,0.111534653,-0.24708667,0.68187141
173,135,-71.059,-41.004,South_america,33.871,2.179,0.19,1529.923,11.481,6.5,0.731,12,21,-2.8,66,0,1,0,7.503,0.314849744,Grasslands,0.408021083,-0.436980157,-0.2404951,-0.466296915,0.193623029
174,136,-70.081,-41.253,South_america,28.695,1.458,0.119,924.021,12.276,6.976,0.281,13.4,22.7,-3.8,65,0,0,1,7.535,0.180007337,Shrublands,-0.25270696,0.299307154,0.189828169,-0.404710914,0.694517573
175,137,-70.525,-41.034,South_america,26.361,0.914,0.078,882.865,11.729,6.832,0.417,12.9,22.5,-2.8,72,0,0,1,7.503,0.210266817,Shrublands,-0.208665624,0.395478388,0.044744819,-0.093121031,0.451514157
176,138,142.557,-34.204,Australia,22.826,2.061,0.204,233.457,10.118,7.487,0.218,13.8,32.6,3.8,13,1,0,0,8.047,0.385160538,Dry forests,-0.567081912,-0.197358433,0.666887297,-0.515501177,1.385014981
177,139,142.482,-34.248,Australia,21.496,1.124,0.073,178.518,15.403,6.78,0.214,13.8,32.6,3.8,14,1,0,0,8.047,0.380188814,Dry forests,-0.369721576,0.120378115,0.431661106,0.248801671,0.324538993
178,140,142.509,-34.019,Australia,26.13,1.365,0.094,204.508,14.572,7.398,0.211,13.8,32.7,3.8,13,1,0,0,8.047,0.342156385,Dry forests,-0.595964552,0.095285484,0.837387975,-0.388688736,1.34933532
179,141,142.460,-33.960,Australia,13.704,1.021,0.1,189.702,10.213,7.082,0.213,13.8,32.6,3.8,13,1,0,0,8.193,0.328704968,Dry forests,-0.477822833,0.38683268,0.373865093,-0.245114634,0.705289463
180,142,142.686,-33.931,Australia,22.755,1.385,0.113,215.726,12.285,7.297,0.212,13.8,32.8,3.8,12,1,0,0,8.193,0.355229244,Dry forests,-0.42949771,0.12570244,0.573982405,-0.236234238,1.628160026
181,143,146.310,-31.556,Australia,41.887,1.951,0.132,315.811,14.804,6.818,0.303,13,33.2,4,24,0,0,1,8.795,0.348617103,Dry grasslands,-0.179276515,-0.004354314,0.216916702,0.045596418,1.035761943
182,144,147.708,-31.858,Australia,72.111,2.633,0.202,778.903,13.009,6.257,0.337,13.7,33.4,3.9,25,0,0,1,8.831,0.383747301,Dry grasslands,-0.215748586,-0.129760587,0.27383365,0.040999751,0.53120149
183,145,-71.245,-29.311,South_america,28.888,0.317,0.039,253.5,8.194,7.758,0.059,9.4,24,7.6,110,0,0,1,11.19,0.216147077,Dry grasslands,-0.112270607,1.318739267,-0.181187692,-0.013826431,0.149791341
184,146,-71.251,-29.750,South_america,24.523,0.873,0.125,1051.895,6.988,7.288,0.076,8.3,22.6,7.6,104,0,0,1,11.509,0.226115782,Dry grasslands,-0.354706666,0.592051061,0.514133258,0.061080037,0.735293916
185,147,-71.664,-30.662,South_america,15.083,0.946,0.103,1035.068,9.209,6.742,0.118,8.9,24,7.5,127,0,0,1,10.431,0.339531718,Dry grasslands,-0.199910821,0.693753933,-0.093102881,0.282781603,-0.093607707
186,148,-71.585,-31.200,South_america,29.448,1.41,0.128,215.71,11.039,6.608,0.154,10.3,23.9,5.7,114,0,0,1,10.4,0.316288276,Dry grasslands,-0.144971668,2.238091955,-0.000502249,0.174921846,0.459221237
187,149,119.177,49.263,Asia,38.157,2.651,0.305,691.922,8.685,6.627,0.459,13,26.1,-31.1,113,0,1,0,4.397,0.229144002,Boreal,-0.189456577,-0.386628523,0.009925796,-0.000479917,0.643872321
188,150,118.404,49.494,Asia,18.105,1.581,0.146,337.777,10.803,6.707,0.436,13.3,26.5,-31.7,116,0,1,0,4.356,0.220866203,Cold grasslands,0.080623878,-0.184042414,-0.105670517,0.249766515,0.555420829
189,151,117.272,49.525,Asia,31.941,2.699,0.259,737.783,10.441,6.672,0.429,13.3,26.2,-31.6,120,0,1,0,4.366,0.213825053,Cold grasslands,-0.015978181,-0.074494144,0.065383514,0.33971982,0.520695165
190,152,116.995,49.032,Asia,33.778,2.18,0.225,686.402,9.673,7.098,0.355,12.8,26.9,-28.5,124,0,1,0,4.356,0.200827902,Cold grasslands,-0.303580891,0.363895401,0.166961064,0.266508448,0.98523939
191,153,116.787,48.610,Asia,34.219,2.034,0.188,640.654,10.81,7.118,0.321,12.5,27,-26.4,127,0,1,0,4.455,0.186922196,Dry grasslands,-0.397167777,-0.132317816,0.167458972,0.147848458,1.306823838
192,154,116.016,48.223,Asia,25,1.174,0.13,427.572,9.066,7.124,0.242,12.7,27.5,-24.9,105,0,1,0,4.559,0.201105551,Dry grasslands,-0.356675523,-0.197456512,0.249653384,0.070114185,0.861318854
193,155,58.670,36.696,Asia,77.301,2.691,0.191,1165.825,14.06,7.427,0.264,14.9,28.9,-11.7,77,0,0,1,7.901,0.135438324,Shrublands,-0.529996862,-0.08425482,0.935968242,-0.447887682,0.321160299
194,156,56.561,37.371,Asia,74.833,1.432,0.119,986.384,11.997,7.752,0.195,13.7,32,-6.9,72,0,0,1,7.843,0.126175792,Dry grasslands,-0.567254982,0.003771066,0.939457211,-0.488672371,0.09166
195,157,58.110,37.429,Asia,50.327,0.918,0.066,685.837,13.859,7.756,0.248,14.1,31.8,-8.8,72,0,0,1,7.618,0.164562094,Shrublands,-0.530144735,0.348277474,0.719339482,-0.275369008,0.40240839
196,158,34.821,31.358,Asia,51.164,1.795,0.177,463.779,10.15,8.024,0.201,12,32,6.6,104,0,0,1,8.319,0.216929417,Dry grasslands,-0.543788855,0.471687745,0.747503737,-0.370483467,0.696639766
197,159,-99.656,22.247,North_America,58.036,3.316,0.336,677.904,9.88,8.008,0.275,14.8,32.7,8.1,85,0,0,1,11.007,0.515788256,Shrublands,-0.592750859,-0.340448068,0.548814171,-0.522889699,1.053315514
198,160,-100.944,23.602,North_America,51.875,2.027,0.215,603.83,9.413,8.312,0.211,17.7,30.2,3.5,55,0,0,1,11.702,0.297915609,Dry grasslands,-0.570739722,0.169359464,0.617068045,-0.395134153,0.516452362
199,161,-100.421,22.645,North_America,55.592,2.142,0.214,812.818,10.012,8.43,0.338,16,29.8,4.9,71,0,0,1,11.493,0.554224519,Dry grasslands,-0.583816893,-0.259466853,0.485636632,-0.557788005,0.345406673
200,162,-99.895,22.648,North_America,72.949,2.296,0.235,971.796,9.762,8.412,0.321,14.9,33.9,8.2,76,0,0,1,11.064,0.360958083,Shrublands,-0.562055119,-0.034019282,0.606895281,-0.515780312,0.46608364
201,163,-101.055,23.255,North_America,43.142,2.464,0.449,691.945,5.491,8.15,0.228,16.6,29.5,3.7,58,0,1,0,12.094,0.331052026,Dry grasslands,-0.570671362,-0.1471989,0.50156749,-0.353017563,0.939318312
202,164,-101.274,23.205,North_America,35.88,2.201,0.256,563.99,8.601,8.024,0.209,17,29.8,3.8,63,0,1,0,12.094,0.270962301,Dry grasslands,-0.533576796,0.425808079,0.555195058,-0.28965893,0.784113764
203,165,-101.249,23.738,North_America,48.398,1.571,0.182,395.872,8.64,8.343,0.18,18.2,30.5,3.4,56,0,0,1,11.995,0.252589635,Dry grasslands,-0.559321361,-0.196073347,0.58908405,-0.499453127,0.616461937
204,166,-102.456,22.352,North_America,33.815,1.934,0.241,227.693,8.01,6.954,0.362,16.5,27.7,2.4,92,0,1,0,12.533,0.329386372,Dry grasslands,0.10786511,-0.229213476,-0.14872027,-0.008617625,1.346463374
205,167,-2.423,33.052,Africa,12.994,0.641,0.044,194.948,14.721,8.446,0.205,13.7,34.1,0.2,44,0,1,0,8.418,0.152473199,Grasslands,-0.56483638,0.310352513,0.750570068,-0.33198955,0.350608118
206,168,-2.373,34.159,Africa,36.965,2.523,0.24,612.576,10.495,8.134,0.228,12.8,31,1.6,47,0,1,0,7.843,0.196310705,Grasslands,-0.561592077,-0.068678069,0.902176227,-0.441894221,0.949765563
207,169,-2.193,34.431,Africa,43.569,2.518,0.22,700.929,11.445,8.154,0.252,12.7,31.1,1.6,50,0,1,0,7.843,0.263088301,Grasslands,-0.531374721,0.029498083,0.815756844,0.037534758,1.25839731
208,170,-3.374,33.977,Africa,43.557,1.239,0.155,499.732,7.979,8.326,0.2,12.5,33,2.2,44,0,1,0,8.089,0.169887071,Grasslands,-0.590202505,0.032914278,0.634311117,-0.279348904,0.799308554
209,171,-3.639,34.473,Africa,77.602,1.123,0.13,564.169,8.659,8.214,0.315,12,32.2,2.2,55,0,1,0,7.608,0.188663679,Grasslands,-0.588727503,-0.187375618,0.666728336,0.079519112,0.961249926
210,172,-1.999,34.310,Africa,41.576,2.38,0.242,703.166,9.853,8.31,0.295,12.9,31.3,0.6,48,0,1,0,7.932,0.243277115,Dry grasslands,-0.574596285,0.250445829,0.85204086,-0.240516541,0.559224753
211,173,-3.559,33.933,Africa,22.138,0.874,0.081,248.073,10.834,8.046,0.216,12.6,33.7,2.3,46,0,1,0,8.105,0.149621404,Grasslands,-0.504767838,0.384977475,0.625972767,-0.214507101,0.582438229
212,174,-2.729,33.068,Africa,62.519,0.831,0.073,236.019,11.315,8.46,0.227,13.7,33.3,-0.4,46,0,1,0,8.418,0.161836513,Grasslands,-0.588082924,-0.035835426,0.74955718,-0.427202303,0.696991129
213,175,-3.465,34.626,Africa,47.864,2.995,0.237,413.761,12.629,7.992,0.311,11.9,30.9,1.9,54,0,1,0,7.268,0.205825141,Grasslands,-0.493061107,0.059798753,0.789062681,-0.202896427,0.408983829
214,176,-2.231,39.048,Europe,40.815,2.794,0.232,445.097,12.031,8.1,0.351,12.2,31.7,0.5,34,0,1,0,6.635,0.26104409,Grasslands,-0.535836714,-0.331138978,0.915745035,-0.287402101,-0.014706096
215,177,-2.901,40.068,Europe,51.066,4.051,0.388,389.829,10.44,7.694,0.416,11.7,30.7,-0.4,32,0,1,0,6.656,0.288653558,Grasslands,-0.48184428,-0.467561768,0.846874089,-0.506928214,0.172130426
216,178,-3.419,40.209,Europe,45.577,3.055,0.311,342.744,9.837,8.024,0.379,11,31.8,1.2,37,0,1,0,6.51,0.310357538,Grasslands,-0.514348167,-0.421455544,0.710133045,-0.377396977,0.185867377
217,179,-3.619,39.992,Europe,50.606,2.332,0.27,409.954,8.64,8.068,0.355,11.2,32.6,1.5,38,0,1,0,6.505,0.271971788,Dry grasslands,-0.512603718,-0.172366293,0.83210689,-0.339045542,0.308538982
218,180,-1.674,37.821,Europe,47.598,2.484,0.231,281.793,10.748,7.562,0.32,11.4,31,2.4,40,0,1,0,6.541,0.379532647,Dry grasslands,-0.532337137,-0.499305444,0.710568709,-0.41713028,0.137187149
219,181,-2.515,39.208,Europe,39.581,2.796,0.35,524.129,7.982,8.012,0.355,12.3,32.2,0.5,34,0,1,0,6.609,0.26596534,Grasslands,-0.482085215,-0.31669655,0.798735189,-0.307575834,0.194474852
220,182,-1.199,38.589,Europe,40.629,3.619,0.345,326.411,10.491,8.106,0.394,11.6,30,1.2,34,0,1,0,6.39,0.249510699,Dry grasslands,-0.516008942,-0.351016609,0.815777434,-0.286795383,0.583819442
221,183,-2.877,40.355,Europe,25.717,2.975,0.304,277.612,9.79,7.598,0.364,11.1,31,0.8,33,0,1,0,6.656,0.368756372,Grasslands,-0.507456345,-0.287996914,0.668725371,-0.464973502,0.511883455
222,184,-1.718,38.792,Europe,34.594,2.792,0.28,534.057,9.974,8.248,0.362,11.9,30.7,0.5,34,0,0,1,6.515,0.283278045,Dry grasslands,-0.511381684,-0.34970273,0.539857853,-0.434586079,0.523763105
223,185,-1.837,37.721,Europe,17.798,1.412,0.104,477.918,13.619,8.554,0.286,11.1,31.3,3.4,42,0,0,1,6.541,0.285675577,Dry grasslands,-0.544262467,-0.343273167,0.773618656,-0.529496079,0.586455116
224,186,-1.785,37.727,Europe,39.528,3.715,0.269,420.103,13.808,8.102,0.284,11.1,31.3,3.5,42,0,0,1,6.541,0.253094378,Dry grasslands,-0.538982697,-0.205879142,0.904881301,-0.459880427,0.205403379
225,187,-0.963,38.309,Europe,60.216,4.428,0.401,514.94,11.037,8.311,0.334,11.5,30.8,2.8,40,0,0,1,6.243,0.288729276,Dry grasslands,-0.534004652,-0.246138691,0.60481194,-0.417285506,0.246298793
226,188,-3.389,40.369,Europe,50.778,2.996,0.187,333.031,15.998,8.217,0.408,10.9,30.8,0.6,37,0,0,1,6.51,0.301322622,Shrublands,-0.492054213,-0.30294306,0.924776429,-0.29793719,-0.065443768
227,189,-1.232,37.593,Europe,56.613,1.679,0.185,1118.847,9.062,8.362,0.241,10.8,31.8,5.5,48,0,0,1,6.395,0.231895022,Dry grasslands,-0.5859383,-0.09867409,0.855757675,-0.359549834,-0.004487573
228,190,-1.802,39.539,Europe,47.413,3.645,0.287,532.57,12.717,8.202,0.415,11.9,29.9,-0.5,29,0,0,1,6.552,0.324465122,Shrublands,-0.519365557,-0.476393204,0.776605698,-0.46732929,0.118822742
229,191,-1.527,38.066,Europe,47.583,3.375,0.135,253.332,25.087,8.176,0.279,11.7,32,3.1,42,0,0,1,6.557,0.289158308,Dry grasslands,-0.519832587,-0.21158761,0.904572943,-0.306452279,-0.00439188
230,192,-2.345,39.128,Europe,47.706,4.29,0.335,438,12.811,8.279,0.355,12.2,31.9,0.5,34,0,0,1,6.635,0.289360205,Shrublands,-0.450638667,-0.30171185,0.766042724,-0.545252012,0.415767067
231,193,-2.879,40.018,Europe,46.7,2.031,0.14,201.896,14.537,8.366,0.419,11.8,30.7,-0.4,31,0,0,1,6.656,0.305057724,Shrublands,-0.493599079,-0.373367838,0.886552803,-0.355497668,0.025506125
232,194,-2.040,37.634,Europe,26.3,1.54,0.154,209.924,9.974,8.434,0.351,11.1,30.6,1.9,39,0,0,1,6.761,0.293423391,Shrublands,-0.49346049,-0.203740349,0.647755903,-0.425442474,0.625454578
233,195,9.647,34.494,Africa,39.68,1.131,0.108,359.456,10.494,8.352,0.125,12.4,35.2,4.2,46,0,1,0,7.122,0.139627321,Dry grasslands,-0.606445727,-0.016505083,0.545575669,-0.486879789,0.515434819
234,196,8.674,35.168,Africa,44.417,2.43,0.201,412.685,12.101,8.308,0.261,13,35.3,1.2,27,0,1,0,7.289,0.284968936,Dry grasslands,-0.519458223,-0.534340965,0.610927231,-0.569417099,0.882908393
235,197,9.974,33.522,Africa,29.381,0.81,0.072,281.085,11.244,8.37,0.16,11.7,35.5,3.9,60,0,1,0,7.268,0.155728872,Dry grasslands,-0.589859883,0.360149232,0.566878824,-0.484656815,0.854078581
236,198,9.117,35.160,Africa,43.336,1.243,0.117,234.606,10.583,8.556,0.194,13.4,36.5,2.7,29,0,1,0,7.116,0.197900667,Dry grasslands,-0.569090143,-0.432600848,0.506064397,-0.565290179,0.854794673
237,199,9.718,34.956,Africa,44.959,1.715,0.163,469.6,10.513,8.344,0.168,12.7,35.1,3.5,38,0,1,0,7.064,0.182480673,Dry grasslands,-0.578303503,-0.187335191,0.646520196,-0.516307837,0.830819258
238,200,10.499,32.983,Africa,13.605,0.147,0.02,85.303,7.384,8.68,0.096,12,36.7,5.6,66,0,1,0,7.603,0.125797109,Dry grasslands,-0.559925495,0.345537676,0.461753271,-0.502257124,0.170160427
239,201,-112.552,37.113,North_America,22.379,1.532,0.112,210.039,13.621,8.268,0.26,17.4,32.8,-7.2,30,0,0,1,8.434,0.237194915,Shrublands,-0.414841977,0.199267367,0.63612352,-0.355620781,0.907786048
240,202,-109.710,38.174,North_America,18.867,0.929,0.09,230.138,10.344,8.686,0.186,16,34.5,-8.6,24,0,0,1,8.23,0.18452491,Dry grasslands,-0.522941598,1.157740873,0.395474435,-0.33680165,0.394973372
241,203,-109.910,37.582,North_America,43.799,1.54,0.169,463.455,9.094,7.982,0.284,13.8,30.3,-8.5,28,0,0,1,8.397,0.255668534,Dry grasslands,-0.410046572,0.291108404,0.538184218,-0.349949808,0.845066904
242,204,-111.697,37.086,North_America,1.4,0.29,0.062,76.397,4.666,7.684,0.102,14.9,35.5,-4.8,27,0,0,1,8.314,0.128648926,Dry grasslands,-0.445871573,1.883912561,-0.230761733,0.04747216,-0.250202079
243,205,-112.022,37.507,North_America,16.979,1.059,0.067,334.4,15.826,8.09,0.203,16.8,31.9,-8.1,27,0,0,1,8.539,0.195679725,Shrublands,-0.468233687,0.937256735,0.515847618,0.025590792,0.311495425
244,206,-109.414,37.730,North_America,32.262,2.424,0.2,263.243,12.093,7.638,0.34,14.6,29.5,-10,27,0,0,1,8.565,0.341752497,Dry grasslands,-0.596817726,-0.031166073,0.14112321,-0.597155332,0.171788453
245,207,-110.517,38.003,North_America,11.791,0.412,0.052,201.073,7.965,8.672,0.117,16.6,35.7,-8.9,30,0,0,1,8.042,0.164284681,Dry grasslands,-0.574650075,0.721885864,0.551821882,-0.500701402,0.213395369
246,208,-111.857,36.685,North_America,9.933,0.233,0.02,147.2,11.782,8.306,0.137,15.5,34.1,-5.5,30,0,0,1,8.471,0.154870983,Dry grasslands,-0.561889288,0.868987223,0.472146548,-0.406709321,0.45400349
247,209,-115.796,33.754,North_America,22.845,0.736,0.085,591.413,8.62,8.176,0.135,15.4,36.9,1.8,47,0,0,1,7.807,0.161104519,Dry grasslands,-0.560117584,0.794617885,0.426297891,-0.374529206,0.437252801
248,210,-115.812,33.751,North_America,9.933,0.313,0.078,441.578,4.012,8.656,0.127,15.5,37.2,2,47,0,0,1,7.807,0.161382135,Dry grasslands,-0.533698842,1.818256913,0.143669603,-0.208671864,0.35059022
249,211,-69.947,9.666,South_america,59.628,3.945,0.448,1074.655,8.809,6.994,0.495,10,27.9,16,41,0,0,1,13.281,0.617090558,Shrublands,-0.238055735,-0.371763969,0.342392699,-0.032175818,0.339215071
250,212,147.388,-33.845,Australia,30,3.196,0.202,318.338,15.816,6.74,0.364,13.1,32.1,3.1,14,1,0,0,8.403,0.411760609,Temperate forests,-0.073092132,0.062059937,0.190530607,0.497288444,0.601260162
251,213,146.209,-34.358,Australia,35,4.163,0.442,600.575,9.415,8.47,0.308,13.3,32.4,3.2,14,1,0,0,8.162,0.427458103,Dry forests,-0.327008953,0.514576891,0.383975126,0.155176952,-0.002447965
252,214,146.309,-34.415,Australia,44,4.932,0.123,272.359,39.975,8.93,0.317,13.3,32.4,3.2,14,1,0,0,8.162,0.445376506,Dry forests,-0.544894664,0.131222351,0.671337395,-0.166793786,-0.069886546
253,215,146.576,-34.284,Australia,41,2.418,0.106,218.363,22.841,6.44,0.332,13.2,32.4,3.3,13,1,0,0,8.199,0.359797237,Temperate forests,-0.465166327,0.203827542,0.67485179,-0.073801539,0.677285287
254,216,146.920,-34.346,Australia,34,1.737,0.633,504.515,2.745,8.66,0.353,13.1,32.2,3.1,13,1,0,0,8.199,0.387633891,Temperate forests,-0.092694413,0.373683974,0.326627838,-0.104011883,-0.565637206
255,217,147.423,-34.435,Australia,30,9.657,0.243,209.738,39.791,7.07,0.423,13.2,31.8,2.5,14,1,0,0,8.277,0.430309962,Temperate forests,0.437328966,0.179435127,-0.197555347,0.519017174,-0.397904044
256,218,149.888,-34.744,Australia,32,4.865,0.254,175.641,19.175,5.52,0.61,12.3,26.5,0.7,14,1,0,0,8.193,0.565177391,Temperate forests,0.725386128,0.123727272,-0.49399417,-0.171377994,-0.517768724
257,219,150.862,-33.655,Australia,35,3.456,0.24,227.958,14.419,5.465,0.654,12,28.4,4.1,30,1,0,0,8.235,0.591297968,Temperate forests,0.250201146,-0.457568755,-0.140429991,-0.10963805,-0.45028562
258,220,150.771,-33.622,Australia,39,8.447,0.269,576.724,31.351,5.63,0.652,12.7,28.9,3.5,32,1,0,0,8.235,0.56464741,Temperate forests,0.632060467,-0.487692686,-0.68994347,-0.016657665,-0.680612232
259,221,148.919,-34.363,Australia,33,3.873,0.184,186.683,21.049,5.12,0.58,13.7,28.7,0,13,1,0,0,8.565,0.566010462,Temperate forests,0.67835938,-0.723190448,-0.71636993,-0.505254835,-0.680698295
260,222,148.948,-33.981,Australia,34,2.449,0.134,118.874,18.271,6.18,0.473,14.3,30.6,1.1,14,1,0,0,8.732,0.435559186,Temperate forests,0.534239265,-0.045893799,-0.16189734,0.421405246,0.269259179
261,223,148.609,-33.834,Australia,39,7.316,0.421,454.321,17.378,7.24,0.444,14.3,31.8,2,15,1,0,0,8.732,0.509908109,Temperate forests,-0.188359277,0.253096952,0.405314394,0.295743211,-0.239942156
262,224,148.173,-33.506,Australia,38,9.079,0.454,385.054,20.016,8.1,0.432,13.8,32.4,2.8,15,1,0,0,8.617,0.437654019,Temperate forests,-0.404407251,1.387131397,0.348619868,0.646339384,-0.400937719
263,225,148.203,-33.730,Australia,37,4.745,0.331,282.991,14.314,7.35,0.465,13.8,31.9,2.5,13,1,0,0,8.617,0.503094045,Temperate forests,-0.21926666,-0.175506167,0.494105692,-0.074148924,-0.382305543
264,226,148.164,-33.324,Australia,33,8.818,0.474,446.994,18.596,8.48,0.429,13.6,32.4,3.2,15,1,0,0,8.643,0.456203321,Temperate forests,-0.123549041,0.153849453,0.323605312,0.088152745,-0.590716324
265,227,150.239,-34.506,Australia,29,2.882,0.091,86.081,31.807,5.93,0.762,11.7,25.4,0.9,20,1,0,0,7.979,0.639602218,Temperate forests,0.677377928,0.42158343,-0.227439984,0.291688597,-0.493868068
266,228,145.726,-34.000,Australia,37,3.029,0.277,394.7,10.947,6.36,0.286,13.3,32.5,3.4,13,1,0,0,8.12,0.342358295,Dry forests,-0.266295689,0.00946432,0.63295431,-0.060540008,0.06458731
267,229,146.071,-34.254,Australia,32,2.531,0.222,263.626,11.4,8.9,0.296,13.4,32.2,3.1,13,1,0,0,8.162,0.444518385,Dry forests,-0.411777577,0.011347898,0.478684888,-0.091816385,0.587447732
268,230,150.994,-33.910,Australia,39,5.472,0.478,390.072,11.439,6,0.798,10.6,27.3,5.6,28,1,0,0,8.235,0.489617224,Temperate forests,-0.12426983,0.092753482,0.212933384,-0.037548219,-0.29990921
269,231,151.057,-33.982,Australia,33,12.321,0.616,150.402,20.014,4.83,0.924,10,23.9,19.5,28,1,0,0,8.115,0.408353506,Temperate forests,0.180027869,-0.719437648,-0.713883586,-0.439242965,-0.718014983
270,232,142.084,-34.128,Australia,33,1.08,0.044,189.728,24.8,7.334,0.199,13.7,32.7,4.2,14,1,0,0,8.047,0.364567,Dry forests,-0.297034121,0.730629119,0.243513181,0.490184843,0.670769398
271,233,142.205,-34.159,Australia,32,1.547,0.085,143.822,18.201,9,0.203,13.7,32.7,4.1,15,1,0,0,8.047,0.3350395,Dry forests,-0.481908211,0.710205153,0.599018067,-0.083359775,0.093288593
272,234,-67.636,-54.935,South_america,50,20.425,1.572,576.097942,12.994,4.78,0.924,7.9,13.8,-1.5,15,1,0,0,4.021,0.441363827,Cold forests,0.8530631,-0.711346452,-0.629213733,-0.579020962,-0.715177375
273,235,-67.635,-54.954,South_america,58,17.135,0.895,726.9112025,19.154,5.38,0.998,7.9,12.9,-2.4,15,1,0,0,4.021,0.441363827,Cold forests,0.492685779,-0.628920523,-0.492312582,-0.559982888,-0.687535637
274,236,-67.633,-54.959,South_america,60,6.008,0.352,584.4627884,17.081,4.17,1.129,8.1,11.3,-4.1,15,1,0,0,4.021,0.441363827,Cold forests,0.67065292,-0.695430256,-0.687928883,-0.505544021,-0.469256302
275,237,-67.633,-54.972,South_america,59,0.82,0.112,666.6351033,7.293,4.75,1.146,8.1,11,-4.4,15,0,0,1,4.021,0.441363827,Shrublands,0.017618282,-0.765860883,-0.719237714,-0.35292244,-0.448556669